ModelID,ModelName,Manufacturer
1,Pay,Marquez-Welch
2,Staff,"Aguilar, Johnson and Evans"
3,Year,Lee LLC
4,Quite,"Martin, Wood and Hill"
5,Area,Santos and Sons
6,Wall,"Ramirez, Mills and Hall"
7,Push,Taylor-Washington
8,Hotel,Hernandez and Sons
9,Serve,Fletcher Inc
10,Us,Blake-Pratt
11,Soon,Cole LLC
12,Between,"Watkins, Conner and Wilson"
13,May,Villegas-Short
14,Parent,Thompson-Spencer
15,Computer,"Turner, Levy and Henry"
16,Admit,Miller Ltd
17,Party,"Schultz, Knight and Gordon"
18,Party,"Johnson, Frye and Williams"
19,Notice,Swanson-Duncan
20,Think,Cox-Jackson
21,Provide,Morris Ltd
22,Everyone,Nelson-Davidson
23,Region,"Woods, Ryan and Davis"
24,Method,Moreno-Herrera
25,Want,"Stevens, Carter and Mata"
26,Stock,"Wilson, Ellis and Moore"
27,Nothing,"Arroyo, Mosley and Dominguez"
28,Notice,"Winters, Fletcher and Dean"
29,Southern,"Griffith, Black and Simmons"
30,Total,"Thompson, Shaffer and Becker"
31,Cup,Mcintosh-Watts
32,Away,"Johnson, Arroyo and Bright"
33,Civil,Schwartz LLC
34,Possible,Brennan-Lee
35,Painting,Cowan-Larson
36,Use,Shaw-Walker
37,Sort,Nelson-Hamilton
38,Cultural,Silva-Johnson
39,Position,"Wells, Davis and Jenkins"
40,Measure,Robinson Group
41,Score,Peterson Inc
42,Fast,Hunt-Owens
43,Prepare,Santana and Sons
44,Detail,Harris Ltd
45,Perform,Guzman-Bell
46,Soldier,Anderson LLC
47,Who,Perez-Larson
48,Development,Russell-Torres
49,Benefit,Todd-Hodges
50,True,"Harris, Moses and Ward"
51,Support,Chandler LLC
52,Information,Parker-Mcgrath
53,Expect,Miller Group
54,New,Ford Ltd
55,Yourself,"Robinson, Hamilton and Tyler"
56,Environment,Gill-Hardin
57,Street,Glover LLC
58,Trip,Phillips LLC
59,Door,"Huber, Schultz and Rosario"
60,Argue,Ware-Johnson
61,Bring,Sims LLC
62,Themselves,"Brown, Fields and Cisneros"
63,Police,"Cortez, Snyder and Mason"
64,Significant,Chan-Flores
65,Suggest,"Davis, Downs and Smith"
66,Wide,"Butler, Watson and Perry"
67,Even,Wheeler-Macdonald
68,Agree,"Clark, Griffin and Schmidt"
69,Individual,"Duncan, Phillips and Parker"
70,Remember,Peterson-Woods
71,Again,Cole-Reilly
72,Own,Snyder-Maynard
73,Doctor,"Turner, Bradley and Griffin"
74,Style,Reese-Smith
75,Data,"Smith, Merritt and Allen"
76,Hand,"Morse, Paul and Sims"
77,Decide,"Pena, Stephens and Miller"
78,Fire,Estrada-Bryant
79,Writer,Rocha-Jones
80,Culture,"Park, Johnson and Johnson"
81,Position,Smith-Moreno
82,This,"Johnson, Rogers and Walker"
83,Could,Owen Inc
84,Yeah,Turner Inc
85,Find,Jordan Ltd
86,Technology,Macdonald LLC
87,Cause,Dalton-Byrd
88,Commercial,Mcneil Inc
89,Magazine,Leonard LLC
90,Check,Fields PLC
91,Magazine,Hickman-Richards
92,Fire,Jacobs-Contreras
93,Fund,Walker-Wilson
94,Anyone,"Montoya, Wall and Black"
95,Hope,"Hall, Kirk and Gonzales"
96,Open,Manning and Sons
97,Impact,Grant Ltd
98,At,"Warren, Mcdonald and Kane"
99,Born,Thompson-Schwartz
100,Soon,Green-Cruz
101,Final,Davidson PLC
102,Recent,Williams Group
103,Anyone,"Ramsey, Gibbs and Marshall"
104,Education,Robinson and Sons
105,Should,"James, Mckenzie and Ward"
106,Dog,"Johnston, Howard and West"
107,Nation,"Andrews, White and White"
108,Among,"Dawson, Buck and Pierce"
109,Phone,"Lane, Salazar and Sullivan"
110,Product,Vance Inc
111,Live,"Smith, Schmidt and Lopez"
112,Process,"Lewis, Stewart and Dalton"
113,Keep,"Ramos, Miller and Parsons"
114,Democratic,Castaneda-Johnson
115,Ten,Perez-Lawson
116,Late,"English, Diaz and Harrington"
117,Social,Edwards-Hays
118,Story,"Williams, Taylor and Jimenez"
119,New,"Smith, Bush and Mendoza"
120,Tv,Miller PLC
121,Show,Williams and Sons
122,Speak,"Leonard, Powell and Lee"
123,Someone,Fry-Goodwin
124,Tv,Morton PLC
125,Minute,Schultz PLC
126,Show,"Fowler, Dunn and Smith"
127,Hold,"Shah, Hill and Mendoza"
128,Production,"Calhoun, Norton and Robertson"
129,Include,Martinez-Williams
130,Very,Carroll LLC
131,Treatment,Fry PLC
132,All,Gonzalez Ltd
133,Improve,"Brown, Kim and Charles"
134,Half,Shaw-Harrison
135,Price,Nolan-Thomas
136,Year,Torres and Sons
137,Space,"Buck, Li and Watson"
138,Strong,Davis-Harrison
139,Challenge,Lawson-Wilson
140,Beautiful,"Obrien, Warren and Salazar"
141,Week,Matthews PLC
142,Pass,White Ltd
143,Theory,"Clarke, Davis and Walker"
144,Around,Reyes Inc
145,Imagine,Osborne PLC
146,Billion,Perez LLC
147,Old,Lindsey-Guerra
148,Eight,"Johnson, Simmons and Gibson"
149,Answer,Austin PLC
150,Bank,Shah PLC
151,Simple,"Johnson, Morris and Lopez"
152,Meeting,Sanchez-Gordon
153,Sure,"Walker, Erickson and Campos"
154,Public,Vargas PLC
155,Drop,"Watson, Kennedy and Santana"
156,Course,"Jarvis, Dyer and Carroll"
157,From,Morrow Inc
158,Space,Bradley-Gibson
159,Something,Torres-Greer
160,Remain,"Myers, Chen and Swanson"
161,Wide,Bright and Sons
162,Night,Pearson-Hall
163,Guess,"Lee, Weeks and Smith"
164,Magazine,Waters-Potter
165,Art,"Bailey, Scott and Gordon"
166,Building,Mitchell-Vargas
167,Mouth,Brown-Jones
168,Per,Miranda-Wood
169,Next,Valdez Ltd
170,Woman,Green PLC
171,Realize,Lang-Smith
172,Window,Stout Ltd
173,Reach,"Deleon, Smith and Lopez"
174,Question,Richards and Sons
175,Activity,"Park, Watson and Chavez"
176,Main,Harding-Schmidt
177,Physical,Zimmerman Ltd
178,Role,Wyatt-Winters
179,Help,"Brown, Moore and Arnold"
180,Art,Ruiz-Taylor
181,Line,"Turner, Ortiz and Moore"
182,Sit,Hill PLC
183,Course,"Singh, Randall and Garcia"
184,Order,"Warner, Sparks and Cisneros"
185,Business,"Powell, Ortega and Cooper"
186,Run,"Taylor, Gonzalez and Smith"
187,Hour,"Smith, Adams and Kim"
188,West,"Nelson, White and Weber"
189,Moment,Williams and Sons
190,Late,Griffin PLC
191,Congress,"Smith, Jones and Campbell"
192,Inside,Russell-Hughes
193,Sometimes,"Rasmussen, Butler and Ramsey"
194,Leader,Alvarez-Martin
195,Couple,"Ramirez, Keith and Shields"
196,Spend,Thompson Group
197,Story,"Johnson, Brown and Bauer"
198,Economy,White and Sons
199,Top,Pham-Patterson
200,Page,Allen PLC
201,Read,"Rodriguez, Johnson and Carlson"
202,American,White-Smith
203,Degree,Meyer Ltd
204,Reach,Barber-Diaz
205,Perhaps,Gonzalez-Rodgers
206,Base,"Williams, Hall and Baker"
207,If,Schmidt-Vasquez
208,Crime,Kennedy and Sons
209,Century,Padilla Ltd
210,Strategy,"Williamson, Moore and Hale"
211,Off,"Baldwin, Shannon and Robinson"
212,Rock,Curtis-Gardner
213,Him,Schultz-Woodard
214,Material,Jackson-Hayden
215,Wear,"Ward, Valdez and Miller"
216,Democratic,"Jordan, Thomas and Davis"
217,Reach,"Johnson, Dean and Johnson"
218,Drive,Hughes-Carter
219,Those,"Rogers, Pham and Myers"
220,Peace,Campbell Inc
221,Car,"Coffey, Stokes and Warner"
222,Man,"Pugh, Carroll and Moore"
223,Example,Hutchinson-Lloyd
224,Authority,"Martin, Wyatt and Johns"
225,Expect,"Davis, Garcia and Quinn"
226,Official,George-Key
227,Chance,"Curry, Welch and Strickland"
228,Study,Cochran-Bush
229,Or,"Maxwell, Harvey and Allen"
230,Machine,Hunter-Dorsey
231,Data,"Robinson, Brady and Nguyen"
232,Now,Barnett and Sons
233,Audience,Berry-Brown
234,Daughter,Santiago-Williams
235,Answer,Lane Group
236,For,King Group
237,General,Reilly-Newman
238,Help,Salas Inc
239,Available,Pacheco and Sons
240,Film,Hoffman Ltd
241,Moment,Singleton-Roberts
242,Section,Miller-Rios
243,Bit,Brady LLC
244,Writer,Davis-Higgins
245,More,Jackson Ltd
246,These,Golden Ltd
247,Up,Frank-Lee
248,Might,Espinoza-Miranda
249,Heart,Mack-Pratt
250,Early,"Wagner, Young and Smith"
251,Rich,Prince-Davis
252,Because,Sloan Inc
253,Gun,Bryant Inc
254,Attorney,Elliott Group
255,Likely,"Bell, Jensen and Mcdonald"
256,Huge,"Potter, Perez and Friedman"
257,Must,"Holland, Phillips and Palmer"
258,Get,Ramirez-Clements
259,Process,Simpson and Sons
260,Onto,"Pacheco, Schmidt and Williams"
261,Community,"House, Torres and Henderson"
262,Administration,Padilla Inc
263,Market,Miller PLC
264,To,"Flowers, Murphy and Young"
265,There,Brady-Anderson
266,Particularly,Romero PLC
267,Goal,Hobbs PLC
268,Bed,Humphrey PLC
269,Area,"Stewart, Joyce and Gregory"
270,Radio,Johnson-Scott
271,Site,Elliott PLC
272,Huge,"Davidson, Becker and Williams"
273,Environmental,Miller Group
274,Process,"Wright, Miranda and Cobb"
275,Window,"Peterson, Acevedo and White"
276,Decade,"Romero, Patel and Ross"
277,Per,"Thompson, Brewer and Davis"
278,Realize,"Gutierrez, Barron and Perez"
279,End,"Flores, Oneal and Williams"
280,Money,"Nichols, Middleton and Baker"
281,Than,Foley Group
282,Raise,Merritt-Reyes
283,Policy,Torres Ltd
284,Him,"Simmons, Smith and Oliver"
285,Subject,"Marshall, Brown and Bell"
286,City,Young-Scott
287,Language,Mercado-Palmer
288,Experience,"Yu, Calderon and Bennett"
289,Throw,"Ferguson, Chang and Davis"
290,Most,Weiss-Anderson
291,Type,"Alexander, Watts and Knight"
292,Half,"Davis, Howard and Spencer"
293,Enjoy,"Morris, Lambert and Hall"
294,Find,Alvarez Inc
295,Bag,Weaver PLC
296,College,Watson-Carroll
297,Road,Gonzalez-Ray
298,Kind,Jacobs Group
299,Similar,Lutz LLC
300,Hour,Murphy Ltd
301,Against,Murphy-Grant
302,Role,Smith-Frank
303,Finally,Pierce-Hancock
304,Beyond,Owens and Sons
305,Score,Burton-Duffy
306,Office,Oliver-Reynolds
307,Customer,Stewart-Jackson
308,Long,"Green, Wood and Nelson"
309,Gun,Rivers-Williams
310,Brother,Johnson LLC
311,Dark,"Stewart, Rogers and Greer"
312,Occur,"Moore, Clark and Hall"
313,Federal,Kelly and Sons
314,Much,"Lucas, Zimmerman and Hamilton"
315,Pay,Chapman PLC
316,Politics,Burton Group
317,Science,"Gallagher, Conway and Wong"
318,Political,Vega Inc
319,Education,Cook-Salazar
320,Night,Doyle Ltd
321,Side,"Sparks, Soto and Williams"
322,Follow,"Kennedy, Lopez and Marshall"
323,Tonight,"Phelps, Carter and Hamilton"
324,Speech,"Elliott, Davis and Lewis"
325,Little,Fisher-Mills
326,Management,"Bell, Silva and Hamilton"
327,Land,Johnson Group
328,Simple,"Santiago, Phillips and Sparks"
329,Spend,"Wagner, Harris and Buckley"
330,Performance,Arias Inc
331,Establish,Miller-Horton
332,Up,Williams Ltd
333,Degree,Ayala Inc
334,Common,"Johnson, Hamilton and Gonzalez"
335,Commercial,Dixon PLC
336,Whatever,Landry LLC
337,Sport,Miller-Daniels
338,Nor,"Barrett, Reynolds and Nelson"
339,With,Chen-Anderson
340,Talk,"Taylor, Ray and Schmidt"
341,Rest,"Carter, Rodriguez and Miller"
342,List,"Wang, Perez and Garrison"
343,Chance,Taylor-Holloway
344,Interview,Patterson Group
345,Beyond,Johnson-Ayala
346,Democratic,"Hanson, Warren and Tran"
347,Prove,"Hamilton, Martinez and Burns"
348,Can,Cooper PLC
349,Staff,Blevins-White
350,Hotel,"Gonzalez, Gonzalez and Marks"
351,Thing,Cantu-Mack
352,Amount,Blair-West
353,Black,Weaver Group
354,Good,Duffy Inc
355,Game,Walker and Sons
356,Reflect,Jones-Castillo
357,Year,Meza Ltd
358,Soon,Smith Ltd
359,Last,Hanson and Sons
360,Glass,"Mason, Willis and Beck"
361,Answer,Clark and Sons
362,Summer,House-Hart
363,Push,Reyes-Randolph
364,Season,Johnson-Cortez
365,Rule,"Riggs, Bartlett and Hardy"
366,One,"Becker, Webb and Fields"
367,Benefit,"Perez, Jordan and Cooper"
368,Try,Lynch Inc
369,Bring,"Randall, Lewis and Smith"
370,Difference,Williams-Brooks
371,Main,Miller Group
372,Never,"Winters, Bennett and Oconnor"
373,Spring,"Duke, Bailey and Rodriguez"
374,Value,"Peterson, Smith and Shaw"
375,Especially,Lane-Taylor
376,Debate,Hart Group
377,Check,Moore-Wolfe
378,Research,Willis-Ruiz
379,Stuff,Todd-Le
380,Anyone,Smith-Johnson
381,Floor,"Campbell, Roy and Pollard"
382,Each,Ross-Camacho
383,Exactly,Huang-Baker
384,Produce,Hoover PLC
385,Political,Murphy-Hahn
386,Speak,Yoder-Sanders
387,Still,Mendoza Inc
388,Identify,"Lopez, Wood and Burch"
389,Oil,Mann-Barnes
390,Toward,Coleman-Lopez
391,Network,Anderson-Mckinney
392,Themselves,Bowman and Sons
393,Actually,Smith-Fernandez
394,Brother,Walsh-Gonzales
395,Shoulder,"Martin, Ramos and Gallegos"
396,Major,Brown-Strickland
397,Per,"Blair, Prince and Arroyo"
398,Deep,Wright-Pitts
399,May,West Ltd
400,Once,Anthony-Anderson
401,Our,"Ramirez, Krause and Hall"
402,Skill,Harper PLC
403,Organization,Robinson PLC
404,Majority,Mcintyre-Vargas
405,Scene,"Butler, Lewis and Mitchell"
406,Base,"Beck, Jackson and Rodriguez"
407,Radio,Oneill LLC
408,Worker,Richardson PLC
409,Believe,Hopkins-Hubbard
410,First,"Salinas, Simmons and Cline"
411,Raise,"Dunn, Moore and Mills"
412,Factor,Stafford-Davis
413,Strong,"Grant, Duke and Barajas"
414,Stand,"Morgan, Rivas and Robles"
415,And,Duffy-Wright
416,Adult,Guerrero-Schmidt
417,Sort,Jackson-Kennedy
418,Collection,Barnes Ltd
419,Season,"Burke, Dixon and Baker"
420,Production,Nguyen and Sons
421,Memory,Brown and Sons
422,Small,"Serrano, Hamilton and Miller"
423,Event,Higgins Group
424,World,"Clark, Christensen and Peters"
425,Old,Spencer-Fisher
426,Per,Rosales-Burnett
427,Close,Mason-Hughes
428,Catch,"Blake, Alexander and Rodriguez"
429,Seek,"Holt, Lee and Fields"
430,Toward,Kelly-Graham
431,Teach,"Marshall, Ray and Wang"
432,Give,Wilson Inc
433,Discuss,"Schneider, Flores and Gonzalez"
434,Series,Jones Inc
435,Receive,Smith-Perkins
436,Where,"Gould, Williamson and Young"
437,Change,Mcfarland PLC
438,Better,Ellis-Nelson
439,Message,Deleon LLC
440,Throw,"White, Mccullough and Levine"
441,Central,Rivas-Martin
442,Significant,Fowler-Foley
443,Couple,"Krueger, Brooks and Johnson"
444,Some,"Campbell, Peterson and Wright"
445,About,"Hayes, Weaver and Gonzalez"
446,Thing,Mccarthy Ltd
447,Ago,Miranda-Russo
448,Point,Yu-Chang
449,Painting,"Anderson, Foley and Skinner"
450,Rule,"Clark, Brock and Pena"
451,Everything,"Torres, Smith and Lee"
452,Old,King Inc
453,Policy,Benton-Sherman
454,Box,Reynolds PLC
455,Some,Green-Tapia
456,Week,"Vega, Parker and George"
457,Also,Hines and Sons
458,Skill,Hopkins Ltd
459,Coach,"Young, Gonzalez and Harris"
460,Without,Blackburn-Mosley
461,Five,Smith Ltd
462,Student,Warren Inc
463,Future,Sexton-Jensen
464,Forget,Bailey Group
465,Song,Flores LLC
466,Language,Levy-Ball
467,Improve,Houston-Garcia
468,Call,Murphy and Sons
469,Type,Rodriguez-White
470,Sometimes,"Williams, Lee and Potter"
471,Leg,Mcdonald-Craig
472,Summer,"Sims, Hunter and Edwards"
473,See,"Weiss, Green and Phillips"
474,List,Greene-Little
475,Tough,Clark-Price
476,Treat,Stout-Hinton
477,I,Warner-Mcdonald
478,There,Torres-Wood
479,Career,"Brown, Douglas and Simpson"
480,Gas,Miller Group
481,Interview,"Newman, Holloway and Le"
482,Important,Tucker-Robinson
483,We,Gross-Moody
484,Around,"Bernard, Martinez and Jones"
485,Wish,"Herrera, Williams and Sharp"
486,Continue,"Jacobs, Hayes and Harvey"
487,Customer,"Clark, Johnson and Garcia"
488,Region,Davenport Inc
489,Company,Mendoza-Lee
490,Job,Miller Group
491,Condition,Shaw Inc
492,Begin,Harper LLC
493,Modern,Jackson PLC
494,Ago,Anderson-Reed
495,Play,"Mitchell, Anderson and Morrison"
496,Four,"Norris, White and Davis"
497,Region,Figueroa Ltd
498,Ever,Rodriguez-Rogers
499,Threat,Brooks-Thomas
500,Area,"Foster, Fields and Edwards"
501,Fast,Atkins-Adkins
502,Remain,"Robertson, Phillips and Wood"
503,Country,Bauer LLC
504,Until,"Greene, Lambert and Adkins"
505,Get,Green-Frye
506,Find,Chung Group
507,Exactly,"Mora, Thompson and Hernandez"
508,Wall,Rodriguez-Thomas
509,Court,Rubio LLC
510,Take,Flores-Harris
511,Discover,Tyler-Chapman
512,Look,Phelps-Henry
513,Available,"Snyder, Gardner and Waters"
514,Lawyer,Richmond-Montgomery
515,White,"Diaz, Delacruz and Scott"
516,Call,"Mcintosh, Smith and Wilcox"
517,Bank,Russell-Kelly
518,Use,Allen-Romero
519,Might,Kim-Oneill
520,Near,"Fitzpatrick, Baker and Shah"
521,Behind,Cruz PLC
522,Effort,Anderson Group
523,Situation,Crane Inc
524,Activity,Mcdaniel-Smith
525,Job,Torres-Johnson
526,Team,Cooper PLC
527,Loss,"Henderson, Gray and Mooney"
528,Option,Campbell Inc
529,Tv,"Davis, Murray and Perkins"
530,Ground,Bush Group
531,Subject,"Boyd, Lamb and Sutton"
532,First,"Cole, Rogers and Leon"
533,Black,Patterson Inc
534,Drop,"Fowler, Anderson and Wilson"
535,Quickly,Clark-Nelson
536,Media,Moore-Pittman
537,Either,Jefferson Group
538,Goal,Roman-Santiago
539,News,Parsons-Hurley
540,Training,Carroll-Russell
541,Somebody,Baxter Inc
542,Along,"Gentry, Johnson and Sandoval"
543,Small,Frey-Johnson
544,Your,Mosley-Lowe
545,Step,"Hanson, Myers and Jones"
546,Build,Daugherty Group
547,Military,Walters-Bell
548,Bit,Larsen Inc
549,Security,Newman-Costa
550,White,Cortez and Sons
551,Candidate,Walton-Bailey
552,New,"Webster, Stanton and Guerra"
553,Structure,Leonard LLC
554,Total,"Farrell, Rodriguez and Medina"
555,Red,Savage Inc
556,Only,Sanchez and Sons
557,Race,"Davidson, Potter and Jones"
558,Note,Smith LLC
559,Fast,Horne-Roberts
560,Blue,Morales-Wright
561,Hand,Vazquez-Diaz
562,Around,"Flores, Beltran and Hernandez"
563,Piece,Smith-Harper
564,Best,Bailey-Robinson
565,Stand,Vasquez-Davis
566,Participant,Barber-Reeves
567,Step,Bates-Reid
568,Organization,"Gaines, Caldwell and Hull"
569,Watch,George Ltd
570,Bar,Welch-Harrell
571,Blue,Robinson-Evans
572,Two,Hodges Ltd
573,Western,Craig LLC
574,Year,"Garcia, Reeves and Hubbard"
575,Specific,"Steele, Fleming and Ayala"
576,Same,Davenport-Johnson
577,Administration,Schneider-Hubbard
578,Item,Perez-Lee
579,Stage,"Johnson, Collins and Johnson"
580,Suddenly,"Morse, Pugh and Smith"
581,Health,Allen-Olson
582,Boy,"Williams, Reynolds and Bass"
583,High,Thomas Group
584,Live,Kidd-Taylor
585,Scene,Bennett-Young
586,Design,"Leonard, Hill and Williams"
587,Amount,"Fry, Lawrence and Torres"
588,Attorney,"Lewis, Johnson and Johnson"
589,Though,"Taylor, Mcdonald and Davis"
590,Free,Garcia-Dixon
591,Enjoy,Anderson Inc
592,Stage,Kim-Madden
593,Field,Rodriguez-Henderson
594,Candidate,"Wagner, Gardner and Orr"
595,Red,Clay-Perez
596,Hard,Webster Ltd
597,Lay,"Brennan, Clements and Garrett"
598,Feeling,Young LLC
599,Change,Rogers-Flores
600,Culture,Shah Ltd
601,Outside,Marshall-Larson
602,Have,Hoffman-Anderson
603,Late,Dean Ltd
604,Official,"Boyle, Gordon and Jenkins"
605,Voice,Murray-Bond
606,Including,Gaines-Perkins
607,Scene,"Gillespie, Mcdonald and Hays"
608,Behind,Gillespie LLC
609,Step,Avila and Sons
610,Process,Summers-Fox
611,Themselves,"Coleman, Cabrera and Mclaughlin"
612,Foot,"Garcia, Barnes and Silva"
613,Thing,Patel-Hickman
614,Change,"Snyder, Williams and Reed"
615,Huge,Roth Inc
616,Join,Mcmillan-Haynes
617,Laugh,Holland Inc
618,Have,Stein-Neal
619,Want,"Garcia, Mann and Murray"
620,Shake,Gardner PLC
621,No,West-Lee
622,We,Alexander Inc
623,Everyone,"Adams, Gonzalez and Garcia"
624,Push,"Marshall, Williams and Valdez"
625,Contain,"Dean, Morrison and Mitchell"
626,Send,"Edwards, Watson and Parker"
627,News,Shannon-Proctor
628,These,"Anderson, Hart and Harrington"
629,Control,King Inc
630,Exactly,Robertson PLC
631,Fire,"Long, Monroe and Hensley"
632,Occur,"Mcguire, Johnson and Reed"
633,Public,"Campbell, Gilbert and Parker"
634,Interest,"Ramirez, Dixon and Brown"
635,Someone,Tucker-Martin
636,Group,Garcia Ltd
637,Effect,Olson PLC
638,See,"Russell, Smith and Bailey"
639,Letter,Webb and Sons
640,Fly,Wright-Terry
641,Risk,Roman LLC
642,Argue,"Rubio, Lowe and Davidson"
643,Range,Kemp-Taylor
644,Work,"Johnson, Perry and Brown"
645,No,Reilly Ltd
646,Green,"Rivera, Garner and Lowe"
647,Indicate,"Hughes, Delgado and Charles"
648,Hotel,Green Inc
649,Impact,Hernandez LLC
650,Talk,Freeman-Medina
651,State,Wade Group
652,Thousand,Schmidt PLC
653,Mention,"Smith, Turner and Fox"
654,Father,Fitzpatrick Inc
655,Tax,"Mitchell, Beltran and Acosta"
656,Service,Sims PLC
657,Discussion,"Fisher, Wright and Carrillo"
658,Reveal,Davis Ltd
659,Like,Watts-Morrison
660,Budget,Robinson-Hall
661,Medical,Murray-Lindsey
662,Check,Davidson Ltd
663,Step,"Sexton, Mcguire and Colon"
664,Building,David-Moore
665,Side,Miller Ltd
666,Heavy,Patterson Inc
667,Raise,"Lang, Anderson and Brown"
668,Usually,Johnson LLC
669,Daughter,"Weiss, Cooper and Ross"
670,Particularly,Roth and Sons
671,Indicate,Jenkins LLC
672,How,"Richard, Myers and Espinoza"
673,Crime,"Rogers, Johnson and Hayes"
674,Page,"Williams, Mcdaniel and Smith"
675,Rise,Sanford and Sons
676,Reveal,"Wright, Young and Mckinney"
677,Process,"Walton, Chavez and Tapia"
678,Pick,"Martin, Harvey and Massey"
679,Different,Chan-Williams
680,Fish,Perez-Kennedy
681,Side,Goodman-Nelson
682,Ten,"Morales, Campbell and Thompson"
683,Near,Hardy LLC
684,Commercial,Zimmerman LLC
685,Billion,Deleon-Schaefer
686,Task,Archer LLC
687,Common,Dixon LLC
688,Break,Reynolds-Johnson
689,Who,Ramos-Strickland
690,Get,Gibbs Inc
691,Product,"Robinson, Frost and Lee"
692,Big,"Case, Young and Williams"
693,Leave,Chang-Watson
694,Free,Bernard LLC
695,Hundred,Moore-Young
696,Thus,"Green, Nguyen and Drake"
697,Unit,"Stewart, Dean and Kennedy"
698,Describe,Burns Group
699,When,Duffy-Russell
700,Research,"Miller, Padilla and Cole"
701,Billion,Lowery-Young
702,Cup,Keith-Barker
703,Order,Gutierrez Ltd
704,Evidence,Armstrong Ltd
705,Very,Rice PLC
706,Free,"Campbell, Flores and Klein"
707,Campaign,Davis-Nicholson
708,Factor,Bradley Ltd
709,Certain,Johnson Inc
710,Everyone,Smith LLC
711,Particularly,"Petty, Fisher and Stafford"
712,Speech,"Willis, Daniels and Gonzalez"
713,Step,"Reynolds, Wilson and Logan"
714,Rule,"Wilson, Burke and Green"
715,Suggest,"Perkins, Keller and Martinez"
716,Unit,Ramsey-Stout
717,Affect,Miller Ltd
718,Four,"Santos, Bennett and Moore"
719,Employee,Hopkins-Lopez
720,Result,Bowman PLC
721,In,Palmer-Diaz
722,Without,Mejia LLC
723,Whether,"Collins, Myers and Johnson"
724,Parent,Johnson-Parrish
725,Give,Romero-Mcdonald
726,Training,Beck LLC
727,Experience,Hoover-Cortez
728,Career,Combs and Sons
729,With,Burke-Silva
730,Television,Waller-Robertson
731,Protect,Houston-Johnson
732,Stock,Hernandez-Powell
733,Society,Davis Ltd
734,Brother,Dunn LLC
735,Director,"Haney, Hunt and Spencer"
736,Me,"Cook, Rice and Johnson"
737,Order,Clark Inc
738,Shoulder,Moore-Pham
739,Against,Miller-Elliott
740,East,Baldwin-Turner
741,Pattern,Acosta and Sons
742,Fight,Black-Nelson
743,Above,Allen-Jimenez
744,Indeed,"Roberts, Weber and Rodriguez"
745,Account,"Jackson, Morales and Jones"
746,Public,"Liu, Michael and Taylor"
747,Send,"Garcia, Nichols and Golden"
748,Course,Fuentes-Pruitt
749,Nature,Sherman-Mckinney
750,Boy,"Ortiz, Smith and Ballard"
751,Minute,Brewer-Anderson
752,Street,Lam-Chambers
753,Opportunity,"Barry, Brown and Chandler"
754,Wrong,"Graham, Moss and Gonzalez"
755,Both,Benton-Dawson
756,Throughout,"Romero, Little and Clark"
757,Area,Rogers Ltd
758,News,Martin-Goodman
759,Day,Martinez-Castaneda
760,Last,Robbins-Day
761,Who,Jackson Ltd
762,Design,Hicks PLC
763,Edge,"Beard, Evans and Bennett"
764,Husband,Torres-Johnson
765,Dream,Ramos-Jones
766,Those,Brown-Lynch
767,Up,Cunningham LLC
768,Today,Bates and Sons
769,Her,Hall-Roberson
770,Direction,"Mason, Stevens and Lee"
771,Hour,Kelly-Baldwin
772,Center,"King, Woodard and Brown"
773,Form,Gonzalez LLC
774,This,Harvey LLC
775,Source,"Horn, Jimenez and Hodge"
776,Herself,"Lester, Woodard and Young"
777,Prevent,"Gilbert, Marshall and Anderson"
778,Buy,"Reed, Hale and Wilson"
779,Green,"Jones, Walker and Lopez"
780,Middle,"Woods, Johnson and Gates"
781,Tend,Rivera PLC
782,Member,Miller LLC
783,Eat,Pierce Inc
784,Open,"Sandoval, Brewer and Knight"
785,Civil,Stokes Group
786,Notice,"Mullins, Allen and Rogers"
787,Entire,Mejia-Moore
788,May,Martinez-Brown
789,Whole,Harris-Moore
790,Only,Edwards and Sons
791,Fall,Castaneda-Taylor
792,Have,Parker-Thomas
793,Little,White-Walters
794,Serve,"Ward, Simmons and Delgado"
795,Gun,Huff and Sons
796,Commercial,Dean Inc
797,Top,Green-Waters
798,Knowledge,Erickson-Brooks
799,Information,"Beasley, Rogers and Harris"
800,More,"Joseph, Smith and Cervantes"
801,Nor,Rodriguez-Ortiz
802,Sure,Armstrong Inc
803,Same,"Lang, Mann and Davis"
804,Public,"Boyle, Kim and Boyer"
805,Read,Smith and Sons
806,Ago,"Baxter, Shields and Mcdonald"
807,Mrs,George-Gregory
808,How,Nelson-Orr
809,Bit,Dean Inc
810,Fine,Powell PLC
811,Word,Williams Inc
812,Professor,Brown Group
813,So,Lopez-Donovan
814,Top,Nielsen and Sons
815,Film,"Horn, Atkins and Stone"
816,Door,"White, Jones and Anderson"
817,State,Jordan LLC
818,Address,Reynolds-Gonzalez
819,Trade,"White, Schneider and Johnson"
820,These,Clark-Caldwell
821,Management,"Wright, Carter and Schmidt"
822,Exactly,Gonzalez Inc
823,Side,Rodriguez PLC
824,Hot,"Lopez, Barker and Davidson"
825,Reason,Stephens and Sons
826,News,"Reyes, Cooley and Thomas"
827,Trial,"Santos, Jenkins and Castro"
828,Watch,Higgins and Sons
829,High,Hammond-Frey
830,Use,Pena-Williams
831,Account,Mitchell LLC
832,Stuff,Wiggins PLC
833,Magazine,Sexton LLC
834,Certain,Stuart and Sons
835,Strong,Smith Inc
836,Bed,"Rogers, Hale and Mendoza"
837,Significant,Fitzgerald PLC
838,Note,Butler LLC
839,Sometimes,"Wyatt, Blair and Larsen"
840,Radio,Brooks and Sons
841,Imagine,"Lara, Lozano and Smith"
842,Agent,"Green, Hill and Nelson"
843,Give,Gonzalez-Aguilar
844,Anyone,Lozano-Todd
845,Approach,Taylor Group
846,Plan,Huerta-Stewart
847,Plant,"Woods, Reed and Keith"
848,Much,"Rodriguez, Baldwin and Bird"
849,Husband,"Gonzales, Smith and Williams"
850,Manager,"Gonzales, Mendoza and Hartman"
851,Worker,Brown-Holland
852,Into,Ford-Knight
853,These,"Cook, Blankenship and Rivera"
854,Significant,Sandoval-Mack
855,Everybody,"Roth, Perez and Riley"
856,Most,Gibbs-Stout
857,Three,"Lara, Barnett and Peters"
858,Write,Sanchez-Berry
859,Military,Sutton Group
860,Night,Hernandez and Sons
861,Operation,"Baldwin, Butler and Zavala"
862,Hour,White PLC
863,Movie,Vasquez Inc
864,Fight,Tyler-Smith
865,Center,Coleman-Ramirez
866,Represent,Owen-Lutz
867,Society,Ortiz Ltd
868,Light,"Jones, Nguyen and Adams"
869,Cut,Castaneda-Davis
870,Establish,Gordon-Allen
871,Board,Anderson Ltd
872,Hard,Gonzalez-Graves
873,Available,"Johnson, Rose and Garcia"
874,Two,Davies Inc
875,Drive,Cantu-Reed
876,Buy,Hester-Thornton
877,Politics,"Little, Arnold and Berg"
878,Society,"Moore, Castro and Jones"
879,As,Delacruz Inc
880,Lose,Simmons Ltd
881,Least,Hopkins LLC
882,Technology,"Bryant, Stevens and Cruz"
883,Indicate,Murray Inc
884,Discussion,Ballard LLC
885,Shake,Sims-Russo
886,Center,George-Morris
887,Four,Roberts-Myers
888,Door,Hernandez LLC
889,Full,"Jackson, Wall and Lambert"
890,Play,"Guzman, White and Guzman"
891,Once,Hawkins-Cooley
892,Rich,Cline-Thomas
893,Institution,"Cook, Haas and Abbott"
894,Miss,Sanders-Glenn
895,Generation,Garcia LLC
896,Concern,Jarvis-Hernandez
897,By,Russell and Sons
898,Forward,Hunt PLC
899,Image,"Flynn, Jones and Spencer"
900,Wait,Sharp-Thomas
901,Item,Prince-Johnson
902,Forget,"Barrett, Ford and Medina"
903,Foreign,"Gonzalez, Taylor and Hudson"
904,Follow,Wood and Sons
905,Technology,Trevino-Hernandez
906,Live,Miller-Burns
907,Lead,Wolfe-Conner
908,Tonight,Kidd Ltd
909,Receive,Petersen-Macdonald
910,Such,"Ruiz, Mccarthy and Johns"
911,Your,Lewis and Sons
912,Well,Powell-Durham
913,Fire,Rodriguez-Davis
914,Threat,Stanley PLC
915,Go,"Brown, Garza and Nash"
916,Expect,"Duarte, Whitehead and Hernandez"
917,Treatment,"Moore, Scott and Giles"
918,Thing,"Whitaker, Ross and Moore"
919,Whom,"Hodge, Davis and Fletcher"
920,Civil,"Mcclure, Moore and Case"
921,Sort,Santiago and Sons
922,Front,Wilson-Morris
923,New,Hamilton-Hernandez
924,Relationship,Phillips-Mata
925,So,Miller-Mejia
926,Office,"Marshall, Henson and Garcia"
927,Huge,Sanchez Group
928,These,Morrison-Estrada
929,Situation,Harris-Walsh
930,Sometimes,"Miller, Barnett and Diaz"
931,Need,Wilson-Cook
932,Near,Rose-Jensen
933,Alone,"Berger, Brooks and Moore"
934,Let,"Montoya, Kim and Fields"
935,Sing,Rodriguez-Freeman
936,Heavy,Maldonado-Wallace
937,Call,Hill and Sons
938,Region,Brown-Lee
939,Return,Fisher-Tate
940,Social,Dudley Ltd
941,Owner,Bright-Haynes
942,One,"Spencer, Sanders and Wong"
943,Method,Barry Inc
944,Whom,Green LLC
945,Within,"Turner, Moore and Day"
946,Usually,"Jordan, Ferguson and Mitchell"
947,About,"Chandler, Chavez and Valdez"
948,Result,Lucas-Moreno
949,Close,Campbell LLC
950,Experience,"Turner, Mills and Hall"
951,Top,"Olsen, Bell and Baker"
952,Best,Thornton Ltd
953,State,Young PLC
954,Act,Reyes Ltd
955,Single,White-Arnold
956,Job,"Jennings, Arroyo and Garrett"
957,Least,"Nelson, Hall and Schultz"
958,Leave,Johnston Inc
959,Benefit,Freeman-Baker
960,Student,"Morris, Gallegos and Murphy"
961,Within,Ferrell Group
962,Develop,"Arroyo, Lopez and Adams"
963,Last,Rios-Atkinson
964,Hear,Sanders-Davis
965,Firm,Lopez PLC
966,Garden,"Silva, Davis and Adams"
967,Day,Taylor-Hall
968,Morning,"Williams, Munoz and Grant"
969,Voice,Jimenez Group
970,His,Hodge-Parker
971,Tell,Rojas-Hurley
972,Sometimes,Cochran LLC
973,Area,Johnson LLC
974,Within,Lee and Sons
975,Hundred,Becker-Clark
976,Message,"Arnold, Powell and Gonzalez"
977,Investment,Anderson-Wilson
978,Television,Francis-Carroll
979,Person,Glass PLC
980,Oil,Blair-Manning
981,Suddenly,Howard Ltd
982,Sell,Hull Inc
983,Box,Jones-Charles
984,Security,Houston-Simmons
985,Year,"Sexton, Pope and Coleman"
986,Cause,Simpson-Skinner
987,Character,"Barnes, Brown and Potter"
988,Red,Chandler-Arnold
989,Positive,Torres-Clements
990,Gun,Dyer and Sons
991,Table,Haas PLC
992,Field,Weber-Browning
993,Practice,Gardner-Robles
994,Final,Powell Ltd
995,Seven,Bryant Inc
996,Idea,"Bright, Kim and Smith"
997,Have,Vargas Ltd
998,Assume,Young PLC
999,Because,Russell Group
1000,Play,Good and Sons
1001,Figure,Alexander-Mckee
1002,Laugh,"Scott, Mosley and Quinn"
1003,Decade,"Hernandez, Johnson and Watts"
1004,Agency,Barry-Davis
1005,Later,"Rojas, Johnson and Smith"
1006,Leg,Pitts Inc
1007,Why,Davis-Blackwell
1008,South,Martin LLC
1009,With,Warner Group
1010,Sound,Taylor-Cline
1011,Me,"Reynolds, Cortez and Thomas"
1012,City,"Gardner, Guerrero and Smith"
1013,Need,Cobb-Allen
1014,Five,Morris Group
1015,Three,Petersen Inc
1016,From,"Johnson, Robinson and Owens"
1017,They,"Henderson, Montes and Forbes"
1018,Task,Bennett-Munoz
1019,Marriage,Stout-Rowe
1020,Determine,Donaldson LLC
1021,Of,Franklin and Sons
1022,Scene,Scott-Ortega
1023,Simple,Powers-Norris
1024,Idea,"Cooper, Alvarez and Sutton"
1025,Whole,Reynolds-Simmons
1026,Must,Jackson-Griffith
1027,Great,Moore-Ryan
1028,Mention,"Rodriguez, Gray and Gonzalez"
1029,Hand,"Myers, Farrell and Spencer"
1030,Fish,Mills Ltd
1031,Purpose,Drake Ltd
1032,Program,Watson PLC
1033,As,Jordan-Martin
1034,Popular,"Orozco, Rodgers and Moon"
1035,Rock,Shaw Group
1036,Third,Saunders LLC
1037,Argue,Dawson-Lopez
1038,Consumer,"Flores, Watkins and Young"
1039,Sing,"Wright, Butler and Oneal"
1040,Gas,Beasley-Frank
1041,Professor,George-Mclean
1042,Ask,"Carter, Francis and White"
1043,Authority,Levy-Duncan
1044,Practice,"Kelly, Jenkins and Myers"
1045,Week,Randolph LLC
1046,Other,Silva-Perez
1047,Series,Smith-Pace
1048,Fight,Roberts and Sons
1049,Nice,Torres-Welch
1050,Official,"Campbell, Burnett and Rodriguez"
1051,Somebody,Williams PLC
1052,Operation,Bailey-Chandler
1053,They,"Cameron, Hernandez and Davenport"
1054,Lead,"Crawford, Ruiz and Trujillo"
1055,History,Martinez Ltd
1056,Man,"Dodson, Diaz and Byrd"
1057,Party,Anderson PLC
1058,Surface,"Moore, Berry and Guzman"
1059,Sort,Wheeler-Campbell
1060,Able,King-Meyer
1061,Top,Nelson-Smith
1062,Late,Coleman-Lee
1063,Certainly,"Robinson, Carpenter and Mcgee"
1064,Pattern,"Garrett, Knight and Richard"
1065,Media,Chambers PLC
1066,Population,Robinson-Black
1067,Budget,"Jensen, Acosta and Daniels"
1068,Minute,Brock LLC
1069,Official,Owens Group
1070,About,Cox-Fowler
1071,Simply,Moore PLC
1072,Do,"Jones, Banks and Smith"
1073,Kitchen,Martin-Powell
1074,Challenge,"Walker, Clark and Griffin"
1075,Yourself,Chen-Peterson
1076,Adult,Wang Group
1077,Professional,"Lee, Rogers and Garrett"
1078,Laugh,Horne-Chambers
1079,Range,Mcdonald Group
1080,Around,Simpson-Jefferson
1081,Ever,Harris-Young
1082,Quickly,Wilson-Holt
1083,Mr,"Mitchell, Watson and Beck"
1084,Day,"Martin, Wright and Lambert"
1085,Meet,"Williams, Knight and Smith"
1086,Conference,Salazar-Mcdonald
1087,Many,Hayes LLC
1088,Reduce,Williams-Peterson
1089,Daughter,"Williams, Barrett and Zavala"
1090,Pick,Owens PLC
1091,Material,"Salazar, Mcdonald and Young"
1092,Free,Owens and Sons
1093,Where,Mendoza PLC
1094,Bill,Brown-Castro
1095,Ability,Shepherd PLC
1096,Part,Cox LLC
1097,Happy,Chambers PLC
1098,Pull,Curtis PLC
1099,Customer,Griffith Inc
1100,End,Rodgers-Reyes
1101,Spring,Robertson-Martinez
1102,Measure,"Mack, Brown and Hays"
1103,Director,Orozco Ltd
1104,Common,Thomas LLC
1105,Face,Reese and Sons
1106,Reality,Ingram-White
1107,Talk,"Lindsey, Williams and Sweeney"
1108,Audience,Stark Inc
1109,Offer,Carroll Group
1110,Resource,Joyce-Santos
1111,Admit,Cole PLC
1112,What,"Richardson, White and Reynolds"
1113,From,Mccoy Inc
1114,Pull,"Oconnor, Jones and Lopez"
1115,Hour,"Simmons, Jones and Nelson"
1116,Artist,"Cook, Luna and Mitchell"
1117,Bit,Small-Harris
1118,Carry,"Rogers, Lopez and Brown"
1119,My,"Williams, Brown and Gibson"
1120,Receive,"Morton, Evans and Rollins"
1121,Color,Miller LLC
1122,Whatever,Rivera Ltd
1123,Skill,Page LLC
1124,Laugh,Bailey Ltd
1125,Consumer,"Heath, Robinson and Cross"
1126,State,Ramsey-Estrada
1127,Already,Hunt Group
1128,Board,Anderson Inc
1129,Future,"Hunt, Garcia and Taylor"
1130,Mouth,"Butler, Brown and Riley"
1131,Above,Proctor PLC
1132,Data,Peterson and Sons
1133,Hotel,Ortiz Group
1134,No,Garcia Group
1135,Partner,Nolan-Garcia
1136,Road,May-Smith
1137,Set,Casey Ltd
1138,Arrive,Chavez-Russell
1139,Radio,Hamilton LLC
1140,Later,"Mendoza, Salazar and Pineda"
1141,Part,Rivera Inc
1142,Really,Diaz-Mason
1143,Myself,Lawrence-Davis
1144,Say,Fisher-Odom
1145,Wall,"Guerrero, Zuniga and Evans"
1146,Big,Smith-Duncan
1147,Compare,Miranda Ltd
1148,Could,"Newman, Clay and Hudson"
1149,Second,"Zimmerman, Shields and Koch"
1150,Interview,Benjamin-Martinez
1151,Stay,Conway-Rogers
1152,Be,"Anderson, Welch and Reed"
1153,Wrong,"Moon, Mills and Johnson"
1154,Box,"Powers, Brown and Williams"
1155,Child,Castaneda LLC
1156,Treatment,Diaz LLC
1157,Investment,"Beck, Dominguez and Garcia"
1158,Democrat,Bennett-Adams
1159,Onto,Fields-Ortiz
1160,Plan,Wilson-Jordan
1161,Thank,Frey-Garcia
1162,Little,Durham-Peterson
1163,Option,Davis and Sons
1164,They,Byrd-Green
1165,Follow,Carter LLC
1166,Town,White-Ward
1167,Bad,"Jimenez, Williams and Evans"
1168,Read,Alvarez Group
1169,Same,Scott-Salazar
1170,Teach,Taylor-Bates
1171,Increase,"Robinson, Jones and Hughes"
1172,Which,Cervantes-Oliver
1173,Reflect,"Bell, Perez and Brown"
1174,Same,Humphrey-Frazier
1175,Huge,Horton-Dixon
1176,Find,Simmons-Kaiser
1177,Window,"Smith, Norton and Mclaughlin"
1178,Want,Freeman-Ochoa
1179,Tend,"Taylor, Rodgers and Santos"
1180,Administration,Coleman-Jefferson
1181,Also,Ibarra-Graves
1182,Themselves,Zimmerman PLC
1183,Wish,"Butler, Higgins and Henry"
1184,Physical,Wright Group
1185,Indeed,Mckinney-Bass
1186,Reach,Mcdonald and Sons
1187,Field,"Martinez, Schwartz and Rodriguez"
1188,Cold,Foster LLC
1189,Whose,Hall Group
1190,Without,Pierce-King
1191,Side,Wilson-Gutierrez
1192,Candidate,Johnson-Bass
1193,Education,"Larson, Mcdowell and Murphy"
1194,Indicate,"Hunter, Hubbard and Collins"
1195,Tree,"Rice, Miller and Duncan"
1196,Those,"Griffin, West and Martin"
1197,Population,Powell-Cervantes
1198,Environmental,Johnson LLC
1199,Commercial,Stone-Kim
1200,Shake,Lamb Group
1201,Sell,Rodriguez Inc
1202,For,Kramer-Johnson
1203,Wait,Woods-Lee
1204,Travel,Robinson LLC
1205,Tonight,Peterson Group
1206,Prove,Harrington-Anderson
1207,Hope,Jackson PLC
1208,Woman,Martin-Burns
1209,Front,Short-Davis
1210,Center,Valdez-Gallagher
1211,Student,"Dillon, Decker and Bennett"
1212,Space,Jackson-Rosario
1213,With,"Williamson, Garcia and Jenkins"
1214,Material,"Perez, Stokes and Hunt"
1215,Home,Hinton-Collier
1216,Article,"Cunningham, Lawrence and Monroe"
1217,Realize,"Ingram, Delacruz and Burnett"
1218,Husband,Saunders and Sons
1219,Baby,Charles-Cobb
1220,Hospital,Atkinson and Sons
1221,Me,Benson Group
1222,Student,Johnson Group
1223,Technology,Diaz Inc
1224,Certain,Berg and Sons
1225,Skill,"Barnes, Vasquez and Conway"
1226,Bar,Brown PLC
1227,Believe,"Davies, Campbell and Lee"
1228,Final,Dorsey Group
1229,Whether,Ferrell-Green
1230,Official,Gilbert-Williams
1231,Future,Barber-Perez
1232,Small,Mason Ltd
1233,Well,"Hill, Olson and Parker"
1234,Drive,Ortiz-Miller
1235,Across,"Hill, Lloyd and Clayton"
1236,Minute,"Fowler, Moran and Jarvis"
1237,Thousand,"Warren, Yang and Ross"
1238,Yes,Reeves-Norton
1239,Tree,Washington Group
1240,Box,"Schmitt, Reese and Thompson"
1241,Short,Smith-Kirby
1242,Light,Duncan-Boyd
1243,Box,"Holland, Berger and Patterson"
1244,Sell,Wright-Green
1245,Unit,Patel Inc
1246,Economic,Hines-Johnson
1247,Church,Gonzalez-Ortiz
1248,Suddenly,Sims-Bentley
1249,Air,"Smith, Jones and Foster"
1250,Little,Gregory-Robertson
1251,Paper,Curtis-King
1252,Government,Saunders and Sons
1253,Instead,Scott Group
1254,Structure,"Harris, Mullins and Mathews"
1255,Condition,"Holland, Baldwin and Shah"
1256,Rich,"Ross, Wallace and Allen"
1257,Talk,Evans-Donaldson
1258,Why,Martinez Group
1259,Should,Smith Ltd
1260,Reflect,Griffin-Nelson
1261,Indeed,Neal-Skinner
1262,Buy,Davis-Small
1263,Several,Williams-Garcia
1264,Plan,Holder LLC
1265,Congress,Sanders Ltd
1266,Relate,"Jimenez, Johnson and Garcia"
1267,Game,"Guerrero, James and Glenn"
1268,Project,Hill-Quinn
1269,Style,Johns Ltd
1270,Shake,"Griffin, Bishop and Reilly"
1271,Pull,"Jones, Glover and Hernandez"
1272,Already,Wolfe-Brooks
1273,Southern,"White, Torres and Cox"
1274,Black,"Riddle, Juarez and Carter"
1275,Drug,Carr-Wilson
1276,Set,"King, Henson and Horton"
1277,Building,"Miller, Wise and Farmer"
1278,Bag,"Stewart, Barker and Castro"
1279,Your,Flores and Sons
1280,Onto,Smith-Warren
1281,Realize,"Adams, Cobb and Lowe"
1282,Assume,Jones-Wells
1283,Full,Scott Group
1284,Current,"Wood, Robinson and Mcdaniel"
1285,Realize,Walker Inc
1286,Once,Carlson Group
1287,Reach,"Frazier, Arnold and Roberts"
1288,Officer,"Delgado, Reyes and Ramsey"
1289,Tonight,Jones LLC
1290,Notice,"Moore, Lindsey and Yu"
1291,Whose,Hammond-Snyder
1292,Continue,"Kennedy, Cannon and Green"
1293,Current,Walker-Ross
1294,Box,Stewart LLC
1295,Most,Clay-Martin
1296,Court,Adkins-Garcia
1297,Mention,Mack PLC
1298,Stand,Novak LLC
1299,Fire,Griffin Ltd
1300,Chance,"Price, Dunn and Waters"
1301,Democratic,Vincent Inc
1302,Certainly,"Foster, Zuniga and Mccall"
1303,Station,Bruce Ltd
1304,Create,Clark-Torres
1305,Suffer,"Harrison, Snyder and Garcia"
1306,Particularly,"Martin, Harrison and Estrada"
1307,Guy,Gordon-Fisher
1308,Soldier,"Chapman, Jacobson and Salazar"
1309,Scientist,"Schultz, Franklin and Reynolds"
1310,Subject,"Powell, Nichols and Juarez"
1311,Often,Fernandez-Brown
1312,Message,"Ramirez, Lara and Miller"
1313,Million,Collins Ltd
1314,Necessary,"Kennedy, Adams and Potts"
1315,Cup,Sutton and Sons
1316,Suffer,"Green, Bennett and Goodwin"
1317,Property,Schmitt and Sons
1318,Woman,"Miller, Henderson and Thompson"
1319,Information,"Bell, Ramos and Ferguson"
1320,Forward,"Charles, Calderon and Lozano"
1321,Page,Franco-Daniels
1322,Line,"Kane, Dougherty and Sullivan"
1323,Affect,"Mckay, Petty and Zavala"
1324,Worry,"Mcdonald, Anderson and Peterson"
1325,Collection,Francis PLC
1326,Student,Lopez Inc
1327,Hundred,"Hawkins, Lopez and Patton"
1328,Contain,Smith PLC
1329,Or,Smith-Jackson
1330,Early,"Mccullough, Harrison and Randolph"
1331,Near,Sandoval PLC
1332,Improve,Burns-Rodriguez
1333,Voice,Day Inc
1334,Drive,"Robinson, Mooney and Parks"
1335,Hour,"Dougherty, Simpson and Owens"
1336,Service,"Williams, Nicholson and Stewart"
1337,Anything,Price Ltd
1338,Someone,"Stewart, Jackson and Taylor"
1339,Fear,"Potts, Gomez and Nash"
1340,Whether,Dougherty LLC
1341,Support,Cook PLC
1342,Become,Anderson-Sanchez
1343,Defense,Perkins-Ali
1344,Song,Dennis-Dean
1345,Friend,"Miller, Hayes and Peters"
1346,Step,Taylor-Hernandez
1347,Young,Combs and Sons
1348,Picture,"Reyes, Spencer and Hill"
1349,Beat,Perez-Davis
1350,Expect,"Benton, Dean and Boyle"
1351,Word,Taylor-Williams
1352,Gas,Sanchez-Smith
1353,Argue,Gonzalez Group
1354,Dinner,Morrow and Sons
1355,Happen,"Gonzalez, Young and Johnson"
1356,Pull,Young Ltd
1357,Doctor,Lowe Inc
1358,These,Martin Inc
1359,Blood,Moore-Davis
1360,Likely,Martin and Sons
1361,Rate,Calhoun-George
1362,Check,Smith PLC
1363,Often,"Osborn, Arnold and Mcbride"
1364,Majority,Thompson-Ferguson
1365,Management,Stephens and Sons
1366,Director,Jimenez Group
1367,Once,Dixon-Garcia
1368,Officer,Callahan-Burke
1369,Wife,Nguyen and Sons
1370,Provide,Smith-Moore
1371,Month,Parker Ltd
1372,Interesting,"Howell, Taylor and Schmidt"
1373,Black,Galvan LLC
1374,Compare,Ford-Martinez
1375,Ask,Casey Inc
1376,Bill,Williams-Miller
1377,Commercial,"Mann, Preston and Lewis"
1378,Democratic,Maxwell-Newman
1379,Return,"Miller, Riley and Flynn"
1380,Wonder,"Williams, Hicks and Fox"
1381,Meeting,Clark and Sons
1382,Name,Davis-Lewis
1383,And,Hill Ltd
1384,Allow,Keller Inc
1385,Exactly,"Anderson, Rodriguez and Little"
1386,Blue,Walker-Hayes
1387,Small,Duncan-Diaz
1388,Term,Dixon-Yates
1389,Activity,Sosa-Crane
1390,Beyond,Jackson Group
1391,Ground,Hill LLC
1392,Describe,"Miller, Ayala and Scott"
1393,Result,"Oconnor, Jones and Price"
1394,Cold,Madden and Sons
1395,Wrong,Miller-Hampton
1396,Paper,Wood-Nguyen
1397,Understand,Figueroa Ltd
1398,Stage,Ward-Mayo
1399,Control,Larson-Manning
1400,Region,Evans-Swanson
1401,Letter,Lester-Foster
1402,Common,Mercado PLC
1403,Lose,Allen-Berry
1404,Purpose,"Mcdonald, Young and Wright"
1405,Anything,"Armstrong, Lee and Roberts"
1406,State,Francis PLC
1407,Difficult,"Hughes, Jones and Ortiz"
1408,Born,"Davis, Jarvis and Oconnor"
1409,Trial,Moore Inc
1410,Partner,"Peterson, Hill and Cobb"
1411,Walk,Bauer Ltd
1412,Reveal,"Wilson, Stevens and Brown"
1413,Possible,Smith Inc
1414,Level,"Reyes, Hall and Smith"
1415,Window,"Garcia, French and Armstrong"
1416,Civil,Bell-Allen
1417,Ever,"Jordan, Powell and Little"
1418,Ever,"Perez, Johnson and Davis"
1419,Check,"Gutierrez, Marks and Lara"
1420,Focus,Shaw-Rodriguez
1421,Star,Horn-Santiago
1422,Sing,"Duncan, Johnson and Hernandez"
1423,Culture,Bell Group
1424,Believe,Medina-Richards
1425,Least,Kennedy-Anderson
1426,Year,Jenkins-Moore
1427,Seem,Allen Ltd
1428,Candidate,Bautista Group
1429,Approach,"Webster, Rogers and Peterson"
1430,Without,King and Sons
1431,Investment,"Sims, Morse and Murillo"
1432,Instead,Rodriguez Inc
1433,Move,Phelps-Jackson
1434,Power,"Freeman, Hammond and Clements"
1435,People,"Diaz, Swanson and Colon"
1436,As,Benjamin-Williams
1437,Street,Graves LLC
1438,Those,Grant PLC
1439,Yard,Sullivan-Williams
1440,Effort,Watts Ltd
1441,Happy,Castillo-Martin
1442,Hour,Stephenson-Clark
1443,Main,Smith Inc
1444,Leg,Alvarado-Peters
1445,Eat,"Espinoza, Diaz and Lawson"
1446,All,"Jenkins, Thompson and Sullivan"
1447,Congress,Marshall and Sons
1448,Arrive,"Tucker, Mitchell and Odonnell"
1449,Face,Bartlett LLC
1450,Will,"Martin, Bautista and Santos"
1451,Contain,Smith Ltd
1452,Note,"Parrish, Lopez and Lawson"
1453,Benefit,Fuentes and Sons
1454,Meeting,Walker-Ramsey
1455,Case,Allen-Owens
1456,Yeah,Lucero Group
1457,Standard,Pena-Mckee
1458,Wide,Cline Inc
1459,Season,"Morrison, Allen and Hall"
1460,Special,"Dunlap, Lucas and Mckinney"
1461,Value,Barnes-Browning
1462,Full,Johnson-Castro
1463,Side,Ortiz-Duran
1464,Everything,"Vasquez, Hicks and Duncan"
1465,Save,Wilson-Walsh
1466,Strategy,"Hernandez, Espinoza and Hernandez"
1467,Too,"Garza, Hensley and Molina"
1468,Skin,Ellis-Riley
1469,Rate,Griffin and Sons
1470,Family,Duncan and Sons
1471,Nice,Robinson-Hess
1472,High,Bauer-Boyer
1473,Interest,"Rose, Martin and Gilmore"
1474,South,Ramirez-Anderson
1475,Each,"Sullivan, Mercado and Jacobson"
1476,Need,Vasquez Ltd
1477,Believe,Wilcox-Green
1478,Old,Russo Ltd
1479,Keep,Hoover-Nicholson
1480,Hope,Thompson-Mcgee
1481,Listen,"Matthews, Ibarra and Jimenez"
1482,Yes,Murphy Group
1483,Court,Manning and Sons
1484,Huge,"Perez, Foley and Guzman"
1485,Past,Mitchell and Sons
1486,Shake,Henry LLC
1487,Expert,"Dodson, Thompson and Rice"
1488,Less,"Reed, Dawson and Mitchell"
1489,Impact,"Wilson, Lin and Washington"
1490,Policy,Serrano LLC
1491,Central,Miller Ltd
1492,Participant,Aguilar Ltd
1493,Become,Garcia PLC
1494,About,Clark-Ball
1495,Per,Moore-Dunn
1496,Before,Martinez-Beck
1497,Site,"Moore, Norris and Barr"
1498,Focus,Bradley-Osborne
1499,Traditional,Campbell-Bishop
1500,Agency,"Rivera, Curtis and Ross"
1501,Name,Walter-Mcgrath
1502,Each,"Powell, Lopez and Medina"
1503,Around,"Trevino, Williams and Warren"
1504,Trade,"Sharp, Edwards and Lopez"
1505,Behind,Moreno-Moore
1506,Reality,"Gibson, Rivera and Garcia"
1507,Part,Parks-Orr
1508,Player,"Pacheco, Martinez and Banks"
1509,Few,Campbell-Gutierrez
1510,Interesting,"Simpson, Gardner and Cannon"
1511,None,Gaines Group
1512,Conference,Abbott Ltd
1513,White,"Jimenez, Welch and Munoz"
1514,Affect,Cobb Group
1515,Loss,"Jimenez, Roberts and Cline"
1516,Agency,Rosales-Molina
1517,Behind,Payne-Garcia
1518,Thought,"Cooper, Marks and Clark"
1519,Both,Garrison-Thomas
1520,Involve,Farley-Sanchez
1521,Shake,Sandoval-Thomas
1522,Question,"Graham, Fritz and Sims"
1523,Address,Mckay-Graham
1524,Blue,"Kidd, Rollins and Miles"
1525,Move,"Lee, Smith and Morgan"
1526,Pull,Hebert-Delgado
1527,Forget,Banks Inc
1528,Product,Porter Ltd
1529,Production,Ponce-Henson
1530,Source,"Snyder, Smith and Mooney"
1531,Whole,Frazier Ltd
1532,Understand,"Cox, Nelson and Miller"
1533,City,Phelps PLC
1534,Full,Aguilar and Sons
1535,Morning,Olsen PLC
1536,Sell,Cortez and Sons
1537,Their,White-Brown
1538,Long,Collier Group
1539,Memory,Bowman PLC
1540,Allow,Howard-Fletcher
1541,So,Smith and Sons
1542,Together,"Jones, Johnson and Fitzpatrick"
1543,Others,Bryant and Sons
1544,Reduce,"Hernandez, Perez and Hayes"
1545,Change,Chavez-Bryant
1546,Condition,Carroll Group
1547,Debate,Hill-Townsend
1548,Author,Wood-Maddox
1549,Why,Flores and Sons
1550,Sometimes,"Navarro, Morrison and Gray"
1551,Traditional,Smith and Sons
1552,Environment,Costa-White
1553,Property,Murray-Roberson
1554,Between,Wilson PLC
1555,Today,Pennington-Cruz
1556,Sport,Wise and Sons
1557,Reality,"Kim, Berger and Rodriguez"
1558,Scientist,"Davila, Sanders and Williams"
1559,Happy,Marshall LLC
1560,Nearly,"Baldwin, Wilkins and Bailey"
1561,Former,Washington Group
1562,War,"Wilson, Morris and Landry"
1563,Republican,Brown-Cooper
1564,Have,"King, Hines and Castro"
1565,Of,Bishop PLC
1566,Then,Young-Thompson
1567,If,White-Garcia
1568,Many,Saunders Inc
1569,Consumer,"Barnes, Cobb and Bird"
1570,Behavior,Bowers-Pennington
1571,Hour,Garcia-Coleman
1572,Move,Collins Inc
1573,Rest,Rodriguez and Sons
1574,Piece,"Small, Morris and Hoffman"
1575,Whatever,Mcconnell-Kramer
1576,Century,Wilson and Sons
1577,Base,Rodriguez-Garcia
1578,Single,"Robinson, Macias and Thomas"
1579,Cause,"Watkins, Schroeder and Calderon"
1580,Hotel,Peterson-Robinson
1581,Reveal,Smith-Hammond
1582,Which,Jones PLC
1583,Capital,Fitzgerald and Sons
1584,Box,Roach LLC
1585,Until,"Peters, Pham and Barnett"
1586,Special,Henderson-Stokes
1587,Court,"Gordon, Reed and Lopez"
1588,Improve,Hubbard-Cook
1589,Inside,Sims-Carey
1590,Catch,"Cruz, Williams and Clark"
1591,Ready,Myers-Bell
1592,By,"Cain, Thomas and Sawyer"
1593,Follow,White PLC
1594,Service,Simpson Inc
1595,Common,Lindsey and Sons
1596,Everybody,Sellers-Wilcox
1597,Town,Ayala-Branch
1598,Above,"Nelson, Clark and Gregory"
1599,Authority,Brooks Ltd
1600,Challenge,Baker-Davis
1601,Lead,"Hernandez, Allen and Brown"
1602,Worker,"Hunt, Henderson and Sawyer"
1603,Middle,"Reed, Morrison and Flores"
1604,Tax,Carlson-Pugh
1605,Few,"Ford, Villanueva and Tran"
1606,Positive,Lee LLC
1607,Mother,Ward-Daniels
1608,Above,Jackson Ltd
1609,Country,Jackson Ltd
1610,Why,Alvarez PLC
1611,Another,"Cisneros, Hester and Marks"
1612,Opportunity,Ware and Sons
1613,Gun,Lee-Garcia
1614,Have,"Hoffman, Williams and Bartlett"
1615,Put,"Sullivan, Cruz and Hatfield"
1616,Form,"Webb, Murphy and Russell"
1617,Skill,"Day, Mccullough and Garcia"
1618,Outside,Middleton-Holt
1619,Consumer,"Miller, Blackwell and Brown"
1620,Population,Rocha-Williams
1621,Middle,"Fernandez, Henderson and Hall"
1622,Last,Hernandez PLC
1623,President,Perkins and Sons
1624,Fill,Ochoa-Howard
1625,North,Peck Ltd
1626,Hit,Walker Ltd
1627,Doctor,Schultz-Hurst
1628,Imagine,Palmer Inc
1629,Suddenly,Gibbs LLC
1630,Start,Zuniga-Reynolds
1631,First,Whitehead-Sharp
1632,Into,"Santiago, Hunter and Brown"
1633,Explain,Weber PLC
1634,Similar,Alexander Group
1635,Establish,Palmer-Hays
1636,Question,Medina-Holmes
1637,Firm,Brown LLC
1638,Class,"Carter, Bradley and Lowe"
1639,Avoid,"Rodriguez, Mahoney and Salazar"
1640,Education,"Krause, Palmer and Lara"
1641,Necessary,Moore-Palmer
1642,Realize,"Jackson, Johnson and Fry"
1643,Trial,Duncan and Sons
1644,Guy,Roy-Wise
1645,Recognize,"Herrera, Williams and Russell"
1646,Home,"Henderson, Ellis and Conner"
1647,Candidate,Thomas Inc
1648,Once,"Nunez, Williams and Rodriguez"
1649,Network,Hopkins-Garcia
1650,Evidence,Gray-Marshall
1651,Before,Robinson-Smith
1652,Play,"Phillips, Williams and Johnson"
1653,Maybe,"Spencer, Roberts and Moore"
1654,Why,Branch-Scott
1655,Himself,"Collins, Garcia and Gillespie"
1656,Teach,Lee PLC
1657,Skill,Guzman LLC
1658,Visit,Richardson Inc
1659,Sign,Brooks Group
1660,Yes,"Santana, Perry and Vaughn"
1661,Table,Jackson-Chavez
1662,South,Walsh-Ross
1663,Pass,"Garner, Olson and Sullivan"
1664,Seek,Allen-Hale
1665,Follow,Woods-Gomez
1666,Painting,"Barber, Duncan and Jones"
1667,Local,Smith Ltd
1668,Believe,Taylor LLC
1669,Myself,Nunez-Glass
1670,Could,Higgins-Hill
1671,Behind,Crawford-Martin
1672,Heavy,"Bruce, Obrien and Obrien"
1673,Possible,Johnson-White
1674,Full,Ellis Inc
1675,Sit,Houston-Evans
1676,Election,Miller-Olson
1677,Western,Burke-Mclean
1678,Fine,Davis-Martinez
1679,Group,Gomez-Donovan
1680,Despite,"Lindsey, Shepherd and Kaiser"
1681,Write,Lee and Sons
1682,Media,"Berg, Moreno and Delacruz"
1683,Will,"Brown, Walker and Soto"
1684,Final,Drake-Smith
1685,Between,"Huynh, Jones and Walker"
1686,Bag,"Ball, Scott and Howard"
1687,Require,Orozco-Lewis
1688,Professor,"Spencer, Fletcher and Bennett"
1689,Name,Barnett LLC
1690,When,Williams-Huff
1691,Dark,Stout Inc
1692,Affect,Collins PLC
1693,Experience,Sanders and Sons
1694,Book,Dixon-Jacobson
1695,Past,Patrick-Hawkins
1696,Yeah,Santiago-Stewart
1697,Current,Grant-Dunn
1698,Yourself,Colon Inc
1699,Beyond,Hancock-Garcia
1700,Wife,Reyes Ltd
1701,Base,Ali-Alvarez
1702,Go,"Hernandez, Gonzalez and Davis"
1703,Process,"Roberts, Thompson and Barrera"
1704,War,"Bailey, Murray and Davis"
1705,Four,Watts-Jimenez
1706,All,"Davis, Meyer and Flores"
1707,Her,Martin PLC
1708,Number,Miller-Garcia
1709,Indeed,"Mcdonald, Ramirez and Adams"
1710,News,Hernandez Inc
1711,Peace,Lozano-Hammond
1712,Instead,Lawson-Brown
1713,Art,May-Phillips
1714,Fill,"Bennett, Davis and Spencer"
1715,Goal,Blackburn Inc
1716,Act,Bowman-Kane
1717,Time,Campbell Group
1718,Maybe,"Martin, Spencer and Price"
1719,Church,"Roberts, Thompson and Crawford"
1720,Tend,Prince-Gutierrez
1721,Side,"Elliott, Jenkins and Nguyen"
1722,Push,Smith-Greer
1723,Drug,"Stewart, Bolton and Thomas"
1724,Cell,Austin-Barajas
1725,Case,Perry Ltd
1726,Reach,Perez Ltd
1727,Manage,Lewis-Ponce
1728,Left,Lopez and Sons
1729,Quality,"Ortiz, Burke and Howard"
1730,During,"Malone, Jenkins and Klein"
1731,Shake,Ramsey Group
1732,Commercial,Kaufman Inc
1733,Car,"Hendricks, Ellis and Lewis"
1734,Population,Vasquez PLC
1735,Up,"Smith, Le and Baldwin"
1736,Anyone,Russell-Long
1737,Dog,"Thomas, Rivers and Diaz"
1738,Born,Trujillo PLC
1739,Writer,Moore-Phillips
1740,Tend,"Robinson, Valentine and Vega"
1741,Century,Morales Group
1742,Win,Parker-Long
1743,Leader,Harris-Osborn
1744,He,"Delgado, Fisher and Alvarez"
1745,Person,Salinas and Sons
1746,Item,Leonard Inc
1747,Base,Johnson Group
1748,Play,Jefferson Inc
1749,Treat,Dean-Gallagher
1750,Player,White LLC
1751,Eight,"Powell, Pena and Fuller"
1752,Anyone,"Gallegos, Walker and Figueroa"
1753,Develop,"Lopez, Miller and Owens"
1754,Nothing,"Long, Tapia and Shaw"
1755,Phone,Johnson Inc
1756,Matter,"Rowe, Brown and Olson"
1757,When,Howard-Gibson
1758,Three,Smith Group
1759,Why,"Williams, Tanner and Solomon"
1760,Hair,"Davis, Kaufman and Walsh"
1761,Include,Riley-Blake
1762,Get,"White, Marks and Phillips"
1763,Machine,Kelley Inc
1764,Bar,Johnson-Hunt
1765,Black,"Smith, Nguyen and Vasquez"
1766,Account,Willis-Santana
1767,Amount,"Obrien, Morris and Jones"
1768,Say,"Martinez, Moran and Deleon"
1769,Parent,"Jones, Ramos and Jones"
1770,Partner,Allen-Sanders
1771,Among,"Webster, Johnson and Brown"
1772,Phone,Lucas and Sons
1773,Town,"Phillips, Davis and Hunter"
1774,Side,"Evans, Boyle and Buchanan"
1775,Late,Gonzalez Inc
1776,Religious,Mack-Erickson
1777,Single,Bright and Sons
1778,Feeling,James Group
1779,Somebody,"Sullivan, Cruz and Blankenship"
1780,Five,"Howard, Price and Johnson"
1781,Part,Bradford-Joseph
1782,Set,Keller Group
1783,Teacher,Villegas-Butler
1784,Group,Moore Inc
1785,Theory,"Harris, Burton and Rodriguez"
1786,Example,Garcia PLC
1787,Important,"Blanchard, Webster and Delgado"
1788,Including,Price-Boyle
1789,Card,"Willis, Haynes and Mason"
1790,Someone,Johnson-Gaines
1791,Purpose,"Maldonado, Rich and Cline"
1792,When,Buck-Thomas
1793,Media,"Smith, Shelton and Mejia"
1794,Although,Brooks-Jimenez
1795,Either,Carroll PLC
1796,The,Kemp PLC
1797,Mind,Swanson-Wright
1798,Local,Martin-Taylor
1799,Teacher,Lowery and Sons
1800,Through,"Morgan, Sawyer and Acosta"
1801,Think,Nielsen LLC
1802,Main,Brown-Grant
1803,Loss,Stout LLC
1804,Born,"Wilson, Taylor and Lindsey"
1805,Hold,Gutierrez PLC
1806,Ahead,Mccormick-Buck
1807,Forward,Cunningham-Fox
1808,Wear,"Harris, Wall and Patterson"
1809,Air,Perez Group
1810,Responsibility,Martin-Mckay
1811,Free,"Thomas, Wilkerson and Hoffman"
1812,After,Colon-Cortez
1813,Must,Smith-Pearson
1814,As,Vasquez PLC
1815,Put,"Ramos, Newman and Wyatt"
1816,Brother,Carson Ltd
1817,Bank,Chapman-Meyer
1818,Sport,Davis LLC
1819,Marriage,"Barr, Lam and Rivera"
1820,Feel,Chen-Tucker
1821,Throw,"Davis, Gould and Castillo"
1822,Force,"Rogers, Orozco and Gray"
1823,Subject,Murphy and Sons
1824,Want,Cooper LLC
1825,Rest,Wolfe Group
1826,Professional,Parker-Foster
1827,Protect,"Melendez, Johnson and Chase"
1828,Affect,Waller LLC
1829,Teach,"Mcgee, Saunders and Martinez"
1830,Single,"Shepherd, Davis and Sullivan"
1831,But,Johnson-Bird
1832,She,Howard-Graham
1833,Near,"Nichols, Fletcher and Lewis"
1834,Investment,Costa-Callahan
1835,End,Perez-Stephens
1836,Certainly,Hayes PLC
1837,Walk,Green Inc
1838,News,Harvey-Wilson
1839,Rock,Sanders Group
1840,Exist,Curtis-Hudson
1841,Affect,Olson-Bennett
1842,Natural,"Harris, Melton and Martin"
1843,Social,Spears-Mccoy
1844,Weight,"Garcia, Carter and Arias"
1845,System,Wagner-Spence
1846,Garden,"Edwards, Hardy and Contreras"
1847,Wide,Andrade-Evans
1848,Economic,Martin Inc
1849,Produce,Tran-Nelson
1850,Write,"Velasquez, Clark and Taylor"
1851,Program,Townsend-Harris
1852,Us,Anderson PLC
1853,Clearly,"Waters, Rojas and Gill"
1854,Affect,"Walker, Campbell and Drake"
1855,Own,Williamson PLC
1856,Several,"Beck, Neal and Schneider"
1857,News,"Reeves, Alexander and Fuller"
1858,Miss,"Johnson, Perry and Chan"
1859,She,Little-Blanchard
1860,Hard,James and Sons
1861,Article,Mann-Gibson
1862,Push,Lucas-Williams
1863,Beyond,Newton-Mercer
1864,Public,Holt-Hall
1865,Oil,Carter PLC
1866,South,Pierce-Miller
1867,Worry,"Dunn, Wyatt and Bell"
1868,Century,Downs-Brown
1869,Stop,"Myers, Lopez and Strickland"
1870,Couple,"Montoya, Warner and Mendoza"
1871,Bill,"Dougherty, Moore and Howard"
1872,Get,Robinson-Smith
1873,Story,Garcia-Phillips
1874,Suggest,French-Rodriguez
1875,Take,"Washington, Nixon and Lyons"
1876,Pattern,"Nelson, Villegas and Adams"
1877,Type,"Poole, Sims and Carter"
1878,Then,"Hill, Boyle and Edwards"
1879,Final,Grant Ltd
1880,Hear,Bullock-Garcia
1881,Knowledge,Bailey-Love
1882,This,"Callahan, Walsh and Gomez"
1883,Attack,Dominguez-Espinoza
1884,Main,Perez and Sons
1885,Start,"Gallegos, Garrett and Wilson"
1886,Choice,Pham LLC
1887,Modern,Nichols-Schultz
1888,Management,"Brennan, Doyle and Kerr"
1889,Brother,Hill-Fischer
1890,College,Robertson-Stevens
1891,Health,Miller PLC
1892,Message,Travis-White
1893,Investment,Rocha Inc
1894,Myself,Benjamin Inc
1895,Throughout,"Bray, Arnold and Gardner"
1896,Interesting,Barry LLC
1897,Receive,Malone Group
1898,During,Miller LLC
1899,Audience,Freeman Ltd
1900,Almost,Romero PLC
1901,Could,Roberts-Lawson
1902,Every,Pearson-Lynch
1903,Adult,Martinez-Murphy
1904,Science,Butler-Wade
1905,Step,Washington-Marshall
1906,Issue,"Fox, Reyes and Jones"
1907,Traditional,"Howard, Wilson and Patton"
1908,Third,Dennis Inc
1909,Stay,Franklin-Hickman
1910,Social,"Allen, Phillips and Nielsen"
1911,Notice,"Bryant, Johnson and Smith"
1912,Common,"Quinn, Humphrey and Bernard"
1913,North,"Patterson, Gonzalez and Johnson"
1914,Throw,Douglas PLC
1915,Similar,Castillo-Garza
1916,Both,Smith LLC
1917,Without,Bryant Ltd
1918,Camera,Lee-Rodriguez
1919,Talk,Jordan-Calderon
1920,Fish,Powell-Love
1921,Full,"Rivas, Doyle and Johnson"
1922,Section,"Hall, Chang and Jackson"
1923,Ever,"Conley, White and Williams"
1924,Art,"Anderson, Thompson and Richardson"
1925,Question,"Estrada, Hall and Morris"
1926,Plan,"Stone, Smith and Zamora"
1927,Teach,"Hanna, Ortiz and Turner"
1928,Cold,"Ferrell, Wall and Martinez"
1929,Set,Reilly Group
1930,Agreement,"Hampton, Robinson and Hughes"
1931,Option,Chang-Stevens
1932,Themselves,Cantu Ltd
1933,Gas,Chambers Group
1934,Only,"Wagner, Thornton and Mccoy"
1935,Position,Johnson Ltd
1936,Make,Thompson Inc
1937,Through,Tate Ltd
1938,Then,Willis-Smith
1939,Work,Jackson-Walters
1940,Carry,Taylor-Rodriguez
1941,Right,"Carter, Avila and Arnold"
1942,Land,Gould-Peters
1943,Especially,"Holder, Reed and Pacheco"
1944,Section,Craig LLC
1945,Attack,"Garcia, Grant and Nelson"
1946,Fear,Ford LLC
1947,Project,Pierce Inc
1948,Fill,"Randall, Hicks and Scott"
1949,Image,Villa and Sons
1950,Much,"Booker, Wagner and Morales"
1951,Customer,Roberson LLC
1952,Gas,Figueroa and Sons
1953,Girl,"Henson, Holloway and Beltran"
1954,Never,Brooks-Carson
1955,Green,Cooper Inc
1956,Simply,"Stevens, Klein and Robertson"
1957,Raise,Thomas-Murphy
1958,Process,"Sanders, Holmes and Rodriguez"
1959,Miss,Mosley-Stevens
1960,Toward,Garcia-Santiago
1961,Large,"Jones, Owens and Wilcox"
1962,Others,Holder-Cain
1963,Customer,Decker-Marquez
1964,Body,"Valenzuela, Cruz and Goodwin"
1965,Positive,"Lewis, Gonzalez and Perez"
1966,Sea,Daniels Ltd
1967,Remain,Hoffman Group
1968,Decade,Cooper-Clark
1969,Sometimes,Jimenez and Sons
1970,Cold,"Banks, Schneider and Williams"
1971,Simple,Vega-Prince
1972,Personal,"Chapman, Gonzalez and Griffin"
1973,Mission,"Watkins, Beard and Aguilar"
1974,Feel,"Ray, King and Williams"
1975,Oil,"Garcia, Smith and Carroll"
1976,Term,Cummings PLC
1977,Process,Benson-Garcia
1978,Arm,Mckenzie PLC
1979,Single,Coleman-Larson
1980,Wide,"Reed, Johnson and Dillon"
1981,Activity,"Robinson, Lane and Green"
1982,Trade,Carr-Lopez
1983,Medical,Johnson Inc
1984,Ahead,"Bowers, Bishop and Garza"
1985,Southern,Brown Group
1986,Agreement,Mcintosh LLC
1987,Authority,"Ellis, Solis and Evans"
1988,Effect,Mcpherson PLC
1989,Bad,Jones-Brennan
1990,Because,Cline Ltd
1991,Technology,"Johnson, Stone and Mitchell"
1992,Material,Barnes Ltd
1993,Heart,Hall Group
1994,Fish,White-Parrish
1995,Anything,Cabrera Ltd
1996,Ball,"Ponce, Matthews and West"
1997,Good,"Parker, Smith and Hernandez"
1998,Involve,Flores-Mcdonald
1999,Walk,Herrera Ltd
2000,Bad,Christensen LLC
2001,Up,Jackson-Wright
2002,Service,Scott LLC
2003,Myself,"Cruz, Yates and Sanders"
2004,Probably,Reese-Cook
2005,Treat,Walls PLC
2006,Tax,Kemp and Sons
2007,Direction,"Martin, Fox and Cooper"
2008,Whatever,Frazier Ltd
2009,General,Jones and Sons
2010,Type,Johnson Inc
2011,Single,"Valencia, Williams and Donaldson"
2012,Friend,Love Ltd
2013,Quickly,"King, Baker and Tapia"
2014,Former,Douglas-Munoz
2015,Record,"Gilbert, Collins and Ward"
2016,Letter,Hunter PLC
2017,Sign,"Johnson, Horn and Brown"
2018,Deal,Allen-Harper
2019,Finish,"Turner, Smith and Cook"
2020,Want,Stein Ltd
2021,A,Phillips-Sparks
2022,Ten,"Hunter, Lopez and Taylor"
2023,Deal,Baker-Harrell
2024,Great,Moore Ltd
2025,Expert,Mckay-Torres
2026,Herself,Wells-Lawrence
2027,Rule,Hill-Lyons
2028,Theory,Austin-Spears
2029,Answer,"Leblanc, Bray and Turner"
2030,Material,Jones-Wade
2031,Example,Adams-Fischer
2032,Prevent,"Mcdonald, Stone and Hernandez"
2033,Carry,Nguyen Group
2034,Protect,Santos-Bautista
2035,White,"Hernandez, Brady and Floyd"
2036,Event,"Brown, Washington and Holden"
2037,Total,Harvey-Pineda
2038,Course,"Rice, Dyer and Robinson"
2039,Can,Clarke-Richardson
2040,Politics,Kelley Group
2041,Who,Bradford-Wells
2042,Next,Scott PLC
2043,Financial,"Rios, Brown and Cruz"
2044,Test,Taylor LLC
2045,Gun,"Sanders, Snyder and Mitchell"
2046,Week,Riley Inc
2047,Within,Rogers-Bailey
2048,Their,Chen Ltd
2049,Crime,"Turner, Hernandez and Goodman"
2050,Environment,Long-Bowman
2051,Stuff,Cochran Inc
2052,Congress,"Gates, Mata and Underwood"
2053,Event,"Adkins, Ellis and Fowler"
2054,Hit,Parsons-Yates
2055,Return,Frye-Crawford
2056,Data,Foster and Sons
2057,Lead,Lewis and Sons
2058,Better,"Benjamin, Lopez and Taylor"
2059,Two,Kim-English
2060,Peace,Craig-Walsh
2061,Easy,"Thomas, Smith and Jones"
2062,Cup,Lee Inc
2063,Wear,Williams Inc
2064,Dinner,Kirk-Huffman
2065,Practice,"Newman, Rivera and Mcconnell"
2066,Matter,"Schwartz, Taylor and Preston"
2067,Positive,Potter PLC
2068,Generation,Walker-Reese
2069,Analysis,Perry-Sparks
2070,Include,Garcia Ltd
2071,Anything,"Smith, Hoffman and Jackson"
2072,Speech,Anderson-Flowers
2073,Approach,Chambers-Lawrence
2074,With,"Sampson, Schmidt and Williams"
2075,Eye,"Reyes, Ferrell and Livingston"
2076,Learn,Obrien and Sons
2077,Present,Diaz-Rivera
2078,News,"Combs, Simpson and Anderson"
2079,Tree,"Rubio, Phillips and Ho"
2080,You,Duncan-Williams
2081,Author,"Williams, Hood and Bailey"
2082,Region,Bonilla-Ballard
2083,Family,Smith Inc
2084,Economic,"Brown, Carter and Armstrong"
2085,Similar,Wilson and Sons
2086,Husband,Avila Group
2087,Appear,"Molina, Moody and Briggs"
2088,Blue,Hopkins PLC
2089,Form,Mccoy-Thomas
2090,Trouble,Wood Ltd
2091,Present,"Lopez, Lewis and Tapia"
2092,May,French Group
2093,Hard,"Rogers, Carroll and Salazar"
2094,You,"Cannon, Woodward and Green"
2095,Employee,Jones-Morales
2096,Church,Allen-Kelly
2097,Again,Baker-Wood
2098,Bring,West Inc
2099,Set,Thomas-Rodriguez
2100,Group,"Buchanan, James and Lopez"
2101,Such,Dalton-Sanchez
2102,Rule,Alvarez-James
2103,Care,Harrington-King
2104,Bill,Smith-Baker
2105,Quality,"Massey, Andrews and Cuevas"
2106,Player,"Smith, Wheeler and Boyle"
2107,What,Miller LLC
2108,Traditional,Cunningham-Pollard
2109,Address,"Thomas, Lewis and Hart"
2110,State,Herring Ltd
2111,Their,"Wilson, Patel and Miller"
2112,Data,"Cooper, Washington and Robinson"
2113,Stock,Medina-Alvarez
2114,Forget,"Porter, Hill and Swanson"
2115,Pattern,"Arnold, Bryan and Fisher"
2116,Window,Mccoy-Lane
2117,Ability,Mullins LLC
2118,Environment,"Fuentes, Brewer and Singh"
2119,Off,Scott and Sons
2120,Because,Martin-Pierce
2121,A,"Payne, Wright and Green"
2122,Event,Martin Inc
2123,Student,Parker-Rojas
2124,College,Morris PLC
2125,Remain,"Mitchell, Howard and Mueller"
2126,Again,"Clark, Becker and Smith"
2127,Into,Spence Ltd
2128,Wall,Thompson Group
2129,Very,"Williams, Salas and Lara"
2130,City,"Casey, George and Green"
2131,Choice,Jacobson and Sons
2132,Travel,"Sweeney, Reed and Hayden"
2133,Let,Strickland-Phillips
2134,Edge,"Barnes, Clark and Reed"
2135,Five,"Robinson, Rhodes and Stafford"
2136,Pattern,Stevens Group
2137,Economy,Banks-Golden
2138,Road,"Oliver, Welch and Gutierrez"
2139,Another,Johnson and Sons
2140,Realize,Thomas-Pearson
2141,Society,"White, Reynolds and Horn"
2142,International,"Mcbride, Clark and Le"
2143,War,Gonzalez-Maxwell
2144,Say,Allen LLC
2145,Floor,Shaffer-Garcia
2146,Health,Baker Ltd
2147,First,"Marshall, Lara and Holland"
2148,Ready,"Bruce, Harvey and Gibson"
2149,Indeed,Suarez Ltd
2150,Truth,Walls Group
2151,Race,"Moore, Orozco and Winters"
2152,Side,Sellers Inc
2153,Property,"Frank, Rogers and Harris"
2154,Its,"Brooks, Velez and Rogers"
2155,Western,Bates-Brown
2156,Professional,Underwood Inc
2157,The,"Singleton, Greene and Smith"
2158,Play,Stafford-Whitehead
2159,This,Irwin-Dennis
2160,Little,Buck and Sons
2161,Discover,White-Liu
2162,I,"Wilson, Banks and Ellison"
2163,Remain,Pierce-Fuller
2164,Sea,Conley PLC
2165,Economic,Washington Group
2166,Morning,"Cervantes, Conner and Wilson"
2167,Measure,Wolf Group
2168,They,Young-Nelson
2169,Everyone,"White, Maynard and Boyer"
2170,Not,"Jones, Shannon and Roberts"
2171,Early,Clark-Miller
2172,Fire,Caldwell PLC
2173,Relate,Tyler and Sons
2174,Yeah,"Patel, Meyer and Oliver"
2175,Gas,Meyer LLC
2176,Fact,"Martinez, Bishop and Mitchell"
2177,First,Phillips LLC
2178,Begin,"Gray, Wilkins and Kramer"
2179,Thank,Gaines Group
2180,Same,Miller PLC
2181,Price,"Padilla, Long and Hill"
2182,Begin,Johnson PLC
2183,Eye,"Gomez, Crosby and Cunningham"
2184,Practice,Tyler PLC
2185,High,White-Walters
2186,Bar,Grimes-Serrano
2187,Leader,"Cooke, Watson and Marks"
2188,Song,Newman-Rivers
2189,Feel,Rogers-Williams
2190,Couple,"Beasley, Clark and Luna"
2191,Concern,Smith-Cline
2192,Treat,Kelly-Obrien
2193,Cause,Lopez Ltd
2194,Hair,Vargas-Bauer
2195,Determine,"Gamble, Herman and Johnson"
2196,Right,Duncan and Sons
2197,With,Irwin-Ross
2198,Grow,Brewer-Wilcox
2199,Occur,Lopez PLC
2200,Play,"Ray, Russell and Best"
2201,Mission,"Williams, King and Wilson"
2202,Building,"Hicks, Manning and Nelson"
2203,Good,"Brown, Morris and Conner"
2204,Course,"Decker, Wright and Olsen"
2205,Guy,Oconnell and Sons
2206,Green,"Pearson, Davis and Smith"
2207,Network,Payne-Casey
2208,Maybe,Allen-Duncan
2209,Song,Jones Ltd
2210,Citizen,Woods and Sons
2211,Claim,Hampton-Boyer
2212,Visit,"Pope, Turner and Coleman"
2213,Answer,"Parrish, Sellers and Murphy"
2214,Line,Smith-Stephens
2215,Size,Mathews Group
2216,Adult,Hernandez-Leon
2217,Policy,Duarte-Bradford
2218,Always,"Brown, Brooks and Johnson"
2219,Note,Carter-King
2220,Interview,Hamilton Inc
2221,Account,"Moore, Ramirez and Jordan"
2222,Teacher,"Howard, Raymond and Garcia"
2223,Economy,Hernandez-Norton
2224,Outside,"Harris, Perkins and Ramos"
2225,Head,Hayes Ltd
2226,Operation,Munoz-Joyce
2227,Organization,Schmitt-Shannon
2228,Thank,Patterson-Everett
2229,According,Parks-Ortega
2230,Difference,Castillo-Adkins
2231,Technology,Martin Group
2232,Again,Pennington-Wilson
2233,Eye,Byrd and Sons
2234,Act,Stevens and Sons
2235,Protect,"Sullivan, Scott and Bentley"
2236,Job,Stone Ltd
2237,Ground,Johnson and Sons
2238,Between,Williams-Flynn
2239,Wall,Nguyen PLC
2240,Plant,Zimmerman-Perry
2241,Act,"Guzman, Camacho and Crawford"
2242,Address,Doyle-Johnson
2243,Concern,Carson-Castillo
2244,Former,Taylor and Sons
2245,Authority,"Owen, Graham and Roach"
2246,Research,"Martinez, Hawkins and Carter"
2247,Call,Jones-Cervantes
2248,List,Cannon-Powers
2249,Current,Johnson PLC
2250,Writer,"Juarez, Burns and Munoz"
2251,Receive,"James, Watts and Little"
2252,Player,"Carr, Lester and Ellis"
2253,Movement,"Cochran, Hoover and Franklin"
2254,Look,"Conner, Garcia and Garrett"
2255,Hand,"Jimenez, Jacobs and Hoffman"
2256,Choose,Snyder Inc
2257,Trial,Navarro and Sons
2258,Theory,Hall-Klein
2259,Whom,Green Ltd
2260,Discussion,"Harper, Willis and Walker"
2261,Ever,Barton and Sons
2262,Nation,Hale PLC
2263,Mr,Olsen-Clark
2264,Meet,"Garcia, Pitts and Preston"
2265,Ability,Kennedy-Martinez
2266,Technology,Walter-Haas
2267,Traditional,Brown-Benson
2268,Represent,"Beasley, Brown and Sharp"
2269,Enough,"Gill, Perez and Hernandez"
2270,Money,"Herrera, Beasley and Martinez"
2271,Together,"Hoffman, Bell and Huffman"
2272,Fight,Anderson Group
2273,Yet,Lloyd LLC
2274,Feeling,Molina Ltd
2275,Rest,"Fowler, Barrett and Walters"
2276,Heart,Smith LLC
2277,Mother,Martin Inc
2278,After,Adkins-Luna
2279,Identify,Charles-Alexander
2280,Candidate,"Thomas, Smith and Klein"
2281,Sit,"Cherry, Lambert and Lopez"
2282,Interesting,"Padilla, Brooks and Jones"
2283,North,Richardson Ltd
2284,Avoid,"Jensen, Russell and Crane"
2285,Drive,"Hoover, Stanley and Little"
2286,History,Dawson-Guzman
2287,Respond,"Clark, Cooper and Walker"
2288,Small,"Reynolds, Grant and Wilson"
2289,Form,"Harper, Barber and Bass"
2290,Little,"Hernandez, Woods and Chang"
2291,Send,Thomas-Munoz
2292,Expect,"Simmons, Morgan and Rangel"
2293,Special,Walker PLC
2294,Agreement,"Campbell, Mcgee and Owens"
2295,Wear,"Walker, Hayes and Allen"
2296,Century,King-Shaw
2297,Its,Patterson Group
2298,Family,"West, Duran and Stephenson"
2299,Authority,"Thornton, Cummings and Dunlap"
2300,President,Castaneda LLC
2301,Share,"Martin, Pena and Kline"
2302,Despite,Cannon-Nash
2303,Such,"Green, Foster and Gibson"
2304,Exactly,Diaz-Hammond
2305,Not,"Martinez, Davis and Bradley"
2306,Here,"Cherry, Dodson and Smith"
2307,Poor,"Phillips, Perkins and Henderson"
2308,Month,Cox Inc
2309,Real,"Olson, Leonard and Newton"
2310,Four,"Myers, Sims and Carlson"
2311,Ability,Silva-Obrien
2312,Mean,Munoz-Davis
2313,Which,Kirby-Lewis
2314,Player,Thomas and Sons
2315,Stage,"Bell, Willis and Dodson"
2316,Run,Johnson-Mason
2317,Mrs,Estrada and Sons
2318,Magazine,"Schultz, White and Rodgers"
2319,Actually,Miller and Sons
2320,Despite,"Grimes, Guzman and Santiago"
2321,Talk,Salinas Inc
2322,Dog,"Park, Clark and Alvarado"
2323,Area,"Moore, Boyle and Weaver"
2324,Site,"Smith, Brown and Anthony"
2325,Reveal,Austin Inc
2326,Game,Rivera-Lee
2327,Computer,Sanchez Inc
2328,There,Palmer LLC
2329,Though,"Frank, Luna and Stewart"
2330,Total,Ray PLC
2331,Finally,Morse-Peck
2332,Accept,Williams Ltd
2333,Season,Reese and Sons
2334,Soon,Curry LLC
2335,Movement,Wagner-Clayton
2336,Product,"Price, Middleton and Robinson"
2337,Out,Petty and Sons
2338,These,Lawson-Morgan
2339,Look,Phillips PLC
2340,Become,Becker-Lopez
2341,Claim,"Scott, Foster and Wall"
2342,For,Osborn-Andrews
2343,Than,"Myers, Williams and May"
2344,Carry,"Page, Hernandez and Lopez"
2345,Help,"Morris, Vincent and Moreno"
2346,Assume,Evans LLC
2347,At,Thompson-Bryan
2348,Brother,Ramos Inc
2349,Natural,"Patrick, Sutton and Simpson"
2350,Along,"Wise, Hamilton and Levine"
2351,Investment,Turner Group
2352,She,Mccann and Sons
2353,Measure,"Pham, Rogers and Carpenter"
2354,Change,Cain and Sons
2355,Red,Burnett Group
2356,Seem,Evans-Taylor
2357,Spend,Hansen-Lamb
2358,Somebody,"Green, Wilkins and Robertson"
2359,Born,"Anderson, Olson and English"
2360,Word,"Williamson, Krause and Miller"
2361,My,Ramirez LLC
2362,Class,Johnson-Harris
2363,Deal,Ferguson-Thompson
2364,Land,"Potter, Lopez and Madden"
2365,Be,Walton PLC
2366,Year,Raymond LLC
2367,Development,Rodriguez PLC
2368,Start,Meadows-Copeland
2369,Share,"Copeland, Allen and Griffith"
2370,Look,Smith Ltd
2371,Painting,Perez PLC
2372,Rock,Carlson-Wagner
2373,Offer,Vega-Morgan
2374,Recognize,"Jackson, Martinez and Hopkins"
2375,Road,Palmer PLC
2376,Suffer,Mccoy Ltd
2377,Again,"Wallace, Adams and Hubbard"
2378,Social,Stevens-Byrd
2379,Through,"Sherman, Jackson and Anderson"
2380,Pass,Contreras PLC
2381,State,Thompson Ltd
2382,Important,Evans-Rodriguez
2383,Produce,Porter-Hutchinson
2384,Culture,Mays Ltd
2385,Enjoy,"Anderson, Rowland and Houston"
2386,Those,Perry Ltd
2387,Main,Kelley Ltd
2388,Attention,Perry Ltd
2389,Resource,"Curtis, Jones and Davies"
2390,Quality,"Hughes, Lynch and Wilson"
2391,People,"Torres, Wilkerson and Scott"
2392,Hard,"Barnes, Hernandez and King"
2393,Small,Parker-Wong
2394,Action,Gross-Davis
2395,Pull,Willis and Sons
2396,Marriage,Ho Ltd
2397,Wide,"Day, Mccoy and Beltran"
2398,Mouth,Elliott PLC
2399,Old,"Todd, Clark and Moore"
2400,Lose,Roberts and Sons
2401,Term,Quinn Inc
2402,Above,"Barker, Hansen and Avila"
2403,Character,Cunningham Group
2404,Simple,"Salazar, Wilson and Henderson"
2405,Second,Robinson Group
2406,Late,"Choi, Neal and Herring"
2407,Popular,"Spears, Riley and Glass"
2408,Nearly,"Harris, Reyes and Mitchell"
2409,Tv,Cuevas PLC
2410,Toward,Kelley-Pineda
2411,Including,Kent-Gutierrez
2412,Contain,Anderson PLC
2413,Him,Kennedy Inc
2414,Despite,Kerr and Sons
2415,With,"Lawrence, Knapp and Shaw"
2416,Cause,Mcdaniel-Ellis
2417,Even,Miller-Morton
2418,Every,"Barton, Mclaughlin and Hall"
2419,Animal,Mcdonald-Reyes
2420,Make,Lee-Peterson
2421,Whose,Massey PLC
2422,Really,Gregory LLC
2423,Artist,Vaughn Ltd
2424,Practice,Hancock Group
2425,Training,Barnes-Williams
2426,Yard,"Reyes, Chavez and Johnston"
2427,Success,Flores-Johns
2428,Discover,Morgan-Vaughn
2429,People,Morales-Ford
2430,Increase,Robbins LLC
2431,Western,Perez Ltd
2432,Minute,Logan PLC
2433,Toward,Stevens Inc
2434,Want,Nunez-Prince
2435,Their,Smith PLC
2436,Might,Clark Ltd
2437,Why,Ford-Robinson
2438,News,Forbes PLC
2439,Individual,Martin-Turner
2440,Way,Stevens Inc
2441,Consider,Snow-Joseph
2442,Paper,Castro LLC
2443,Husband,Olsen PLC
2444,Nor,Murphy-Anderson
2445,Than,"Meadows, Alvarado and Rowland"
2446,Street,Ford-Durham
2447,Thing,Thompson Inc
2448,Customer,"Hopkins, Oconnor and Melendez"
2449,Population,"Williams, Flores and Evans"
2450,Decade,Cooper-Weeks
2451,Crime,"Warren, Cook and Welch"
2452,Think,Wilson and Sons
2453,Degree,"Hale, Pham and Cabrera"
2454,Everybody,Peters Inc
2455,Realize,Smith Inc
2456,Something,"Sanchez, Craig and Hayes"
2457,Republican,Garner-Pena
2458,Wait,"Morales, Davis and Stark"
2459,Traditional,Torres LLC
2460,Man,Wright PLC
2461,Design,Smith-Cummings
2462,Who,"Lowe, Cole and Baker"
2463,People,Le Inc
2464,Sport,Campbell-Williams
2465,Then,Miller and Sons
2466,Notice,Goodwin Group
2467,Open,Moore and Sons
2468,Rest,Huffman PLC
2469,Story,Jacobson PLC
2470,Score,King Ltd
2471,Time,"Jackson, Thompson and Diaz"
2472,Free,"Singh, Jordan and Wilkins"
2473,Stock,Jones-Moses
2474,Job,Cook-Smith
2475,True,"Trevino, Martin and Turner"
2476,Industry,Lopez-Huffman
2477,Foreign,"Roberts, Huynh and Crawford"
2478,After,Lucas-Kelly
2479,Eight,Flowers PLC
2480,Action,Savage Inc
2481,Chance,Drake and Sons
2482,Plan,Ortega-King
2483,Simple,Lopez-Mendoza
2484,Century,"Parker, Morris and Bryant"
2485,Time,"Boyd, Miller and Turner"
2486,According,Anderson-Jones
2487,Sport,Pope-Walker
2488,Art,Martin-Weaver
2489,West,Adkins PLC
2490,Wide,Sutton and Sons
2491,Authority,"Campbell, Kramer and Ramirez"
2492,Usually,"Miranda, Cooper and Cook"
2493,Ten,Lang-Blackburn
2494,Service,Rhodes-Weaver
2495,Likely,"Boyle, Young and Sutton"
2496,Raise,"Norman, Wilkins and Pearson"
2497,Floor,Weber and Sons
2498,Marriage,Patterson LLC
2499,Position,Oliver and Sons
2500,Effort,Roberts-Jones
2501,Bank,Green Inc
2502,Line,"Rodriguez, Harris and Duran"
2503,Hold,Brown-Myers
2504,Red,Hayden Ltd
2505,Wife,Moore-Smith
2506,Stage,"Carpenter, Cisneros and Jones"
2507,Wish,"Caldwell, Shaw and Christian"
2508,Point,Lucas PLC
2509,Federal,"Hartman, Keith and Stephens"
2510,Paper,Davis Inc
2511,Call,Munoz-Roth
2512,Approach,"Carey, Griffin and Zimmerman"
2513,Couple,Wright-Taylor
2514,Buy,Wilcox PLC
2515,Film,Hanna Group
2516,Beautiful,Brown Ltd
2517,Though,Miller Inc
2518,Great,"Lopez, Ryan and Moody"
2519,Agency,"Dillon, Lopez and Dean"
2520,Thing,Vargas and Sons
2521,Fly,Robinson-Schultz
2522,Analysis,"Miller, Smith and Smith"
2523,Less,"Barnes, Lane and Dyer"
2524,Build,"Nelson, Ramirez and Gonzalez"
2525,However,Sawyer and Sons
2526,Hear,"Rodriguez, Jefferson and Hernandez"
2527,Decide,Juarez Group
2528,Miss,Hanson PLC
2529,Share,"Stokes, Brown and Wilkinson"
2530,Ahead,Wright Group
2531,Song,Strickland-Carr
2532,Response,Bernard-Murphy
2533,Senior,Jarvis-Graham
2534,Letter,Beasley-Harper
2535,Drug,Melton PLC
2536,Through,Campbell Ltd
2537,Try,Mcpherson-Garner
2538,Easy,Taylor Group
2539,Paper,"Hill, Perkins and Miller"
2540,Light,Thomas-Harrison
2541,Behavior,Miller Group
2542,Other,Saunders PLC
2543,Focus,"Rodriguez, Brown and King"
2544,Sell,"Anderson, Gibbs and Mckay"
2545,We,Mendoza-Randall
2546,Need,"Morales, Massey and Watson"
2547,Spend,Frost Ltd
2548,Today,"Hurley, Young and Frederick"
2549,Nature,"Rodriguez, Smith and Lowe"
2550,Do,Garcia-Cunningham
2551,Want,Lopez-Reyes
2552,Tell,"Dunn, Snyder and Houston"
2553,Degree,"Scott, Allen and Mejia"
2554,Specific,"Gordon, Martinez and Jennings"
2555,Prove,"Hicks, Jones and Edwards"
2556,Military,Zavala LLC
2557,Else,"Jones, Baker and Taylor"
2558,Officer,Mcdonald Group
2559,Guess,"Hughes, Arroyo and Brown"
2560,Town,Benton-Price
2561,Nothing,Parrish LLC
2562,Argue,"Jackson, Rush and Brown"
2563,Girl,Ochoa LLC
2564,Treatment,Morales-Jackson
2565,Yet,"Adams, Christian and Fletcher"
2566,Soon,Jenkins-Curtis
2567,Stuff,"Davis, Lewis and Little"
2568,When,Holmes and Sons
2569,Quite,Roman Ltd
2570,Particular,"Miller, Olsen and Hansen"
2571,Only,"Sanchez, Thomas and Chang"
2572,Friend,Smith Group
2573,Born,Pham-Wade
2574,Health,Wolfe Ltd
2575,Movement,Wong-Wilson
2576,Fall,"Garner, Maynard and Leon"
2577,Prove,Richardson-Dixon
2578,Student,Doyle-Jimenez
2579,Security,"Rose, Adams and Newman"
2580,Hundred,Chambers LLC
2581,Ability,"Arnold, Fernandez and Torres"
2582,Music,Montgomery-Moss
2583,Early,Wright Group
2584,Drug,"Williams, Boyd and Cooper"
2585,Entire,"Conrad, Austin and Graham"
2586,Voice,Sanders Inc
2587,Seat,"Johns, Maddox and Pittman"
2588,Leg,Davis PLC
2589,Economic,Young PLC
2590,Moment,Davis LLC
2591,Paper,"Hensley, Rios and Molina"
2592,Town,Wagner Group
2593,Cup,Sanchez Ltd
2594,Customer,"Robinson, Martinez and Wood"
2595,Garden,Dodson-Smith
2596,Later,Green Inc
2597,Heart,Brewer Group
2598,Image,Hall Inc
2599,Item,Wyatt-Roberts
2600,Blood,Chase and Sons
2601,Easy,Peterson Group
2602,Dog,Castro LLC
2603,Organization,Myers-Walker
2604,Apply,"Spears, Wilson and Carey"
2605,Personal,"Perez, Russell and Hammond"
2606,Case,Smith Inc
2607,Clear,Hodges-Hart
2608,Garden,"White, Shaw and Martin"
2609,Mouth,"Oconnell, Humphrey and Clark"
2610,Social,"Morales, Villegas and Joyce"
2611,Particularly,Daugherty-Owen
2612,Experience,"Rollins, Lee and Henry"
2613,Now,"Buchanan, Mckay and Miller"
2614,Way,"Murray, Henson and Mata"
2615,Less,"Jones, Torres and Chambers"
2616,Base,Holmes and Sons
2617,From,Watts-Martin
2618,Town,"Thompson, Shannon and Kline"
2619,Free,"Gordon, Martin and Gomez"
2620,Its,Evans Inc
2621,Look,Roberts Inc
2622,Official,Mills PLC
2623,His,"Martinez, Cruz and Morton"
2624,Improve,"Hill, Taylor and Barnes"
2625,Seven,"Spencer, Washington and Gray"
2626,Theory,"Harris, Lopez and Maxwell"
2627,Against,"Cannon, Nelson and Gibson"
2628,Five,"Marshall, Miller and Lyons"
2629,Deep,"Simpson, Stewart and Levine"
2630,Address,Griffin-Moore
2631,Him,"Stout, Fisher and Thompson"
2632,Particularly,Brown LLC
2633,Tend,Bowman and Sons
2634,Raise,"Hardin, Palmer and Washington"
2635,Very,Snyder-Martinez
2636,Seek,Meyer Group
2637,Ground,Gilbert Ltd
2638,Lawyer,Simmons and Sons
2639,Modern,Bennett-Pham
2640,Three,Lewis-Curtis
2641,Page,"Thompson, Wilson and Dawson"
2642,Body,Baker-Hall
2643,Plan,Wells-Snow
2644,Be,Johnson PLC
2645,Us,Horton-Owen
2646,Learn,Vance and Sons
2647,Billion,"Marsh, Roberts and Ellis"
2648,Usually,Page-Weaver
2649,Thus,Jones-Bird
2650,Main,Bradshaw-Medina
2651,Yard,Patterson Inc
2652,Fund,Collins LLC
2653,Administration,"Baker, Padilla and Long"
2654,Be,"Munoz, Lynn and Atkins"
2655,Bring,Thompson-Williams
2656,Officer,Byrd-Tran
2657,Seek,Bates-Lawrence
2658,Stock,Gray LLC
2659,Both,"Zhang, Martinez and Mueller"
2660,Building,Travis Group
2661,Himself,Colon Ltd
2662,Necessary,Smith-Smith
2663,Admit,Castro LLC
2664,Agent,"Lewis, Khan and Hill"
2665,Matter,French-Simmons
2666,Political,Jefferson PLC
2667,Pick,Bonilla-Baldwin
2668,Hope,Ochoa Ltd
2669,Part,Johnson and Sons
2670,Want,Rose-Miller
2671,Fine,Carpenter Ltd
2672,Surface,Stafford-Turner
2673,Democratic,"Sawyer, Ramirez and Miranda"
2674,Administration,Garcia Inc
2675,Realize,Higgins and Sons
2676,Treatment,"Sloan, Singleton and Patel"
2677,Accept,Anderson-Neal
2678,Fish,"Davies, Zimmerman and Johnson"
2679,Role,Anthony-Ortiz
2680,Whose,Rivera LLC
2681,Campaign,Ford Group
2682,To,"Richardson, Sanders and Guzman"
2683,Accept,"Anderson, Higgins and Brown"
2684,Stage,Hamilton Ltd
2685,Recent,Allen Ltd
2686,Mother,Jacobs Group
2687,Vote,Vazquez LLC
2688,Friend,Mcguire LLC
2689,When,"Sims, Cook and Campbell"
2690,Use,Todd-Costa
2691,Value,"Lozano, Miles and Trevino"
2692,Treatment,Benson-Friedman
2693,Beyond,Banks Ltd
2694,Moment,Skinner-Morris
2695,Industry,Hamilton Group
2696,Sign,Hall Inc
2697,Manage,Berry Ltd
2698,High,"Moran, Mcdonald and Fields"
2699,Together,"Gibson, Riley and White"
2700,Tv,Clark-Lambert
2701,Head,"Oliver, Ramirez and Arroyo"
2702,Wait,Brown-Weber
2703,Bank,Hart PLC
2704,Individual,Parker-Lopez
2705,Image,"Smith, Winters and Fernandez"
2706,Focus,Gallagher-Greene
2707,Begin,Cabrera-Williamson
2708,Amount,Mccullough Ltd
2709,Democrat,Atkins PLC
2710,Under,Garcia Ltd
2711,Cover,"Escobar, Murphy and Carey"
2712,Audience,Caldwell-Snyder
2713,Me,"Finley, Todd and Neal"
2714,Because,Bautista and Sons
2715,Spend,"Klein, Holland and Gilmore"
2716,Like,Jacobs-Adams
2717,Week,"Mason, Smith and Zhang"
2718,Lay,Robinson Inc
2719,Table,Frank PLC
2720,Study,Mata LLC
2721,Feeling,Thornton-Lynch
2722,Mission,Brown Inc
2723,Short,Lamb and Sons
2724,Education,Kaiser-Carey
2725,Set,Chavez and Sons
2726,Partner,"Turner, Dorsey and Christian"
2727,Type,Watson-Baker
2728,Us,Davis-Hoffman
2729,Suggest,Ross Inc
2730,Manager,Sanchez Inc
2731,Compare,Turner and Sons
2732,Accept,Moore-Glenn
2733,Too,Humphrey PLC
2734,The,Holden LLC
2735,Add,Henson Ltd
2736,Firm,Ross Ltd
2737,Western,Blanchard-Brown
2738,Clearly,"Beasley, Guerrero and Osborne"
2739,Product,Bond-Jones
2740,Stock,Mitchell LLC
2741,Hear,Wise-Gutierrez
2742,President,Dennis-Rocha
2743,Country,Morris Group
2744,Hand,Valencia Inc
2745,Month,Fisher-Miller
2746,Affect,Fisher-Stark
2747,Those,Tucker PLC
2748,Manager,Osborne and Sons
2749,Child,"Williams, Zavala and Ochoa"
2750,Mother,Mercado-Johnson
2751,Probably,Taylor and Sons
2752,Sure,Martin-Smith
2753,Future,Gregory-Obrien
2754,New,"Gonzalez, Medina and Williams"
2755,None,Garcia Inc
2756,Option,Kane-Alexander
2757,Enjoy,Jenkins-Goodwin
2758,Memory,Yoder Inc
2759,Budget,"Kaufman, Stanley and Miller"
2760,Laugh,Miller LLC
2761,Should,May-Mckinney
2762,Condition,"Porter, Robbins and Guzman"
2763,Then,Salazar Group
2764,These,"Warren, Lopez and Heath"
2765,Agree,"Valdez, Wells and Wagner"
2766,Moment,"West, Hampton and Adams"
2767,Generation,Sparks-Brewer
2768,Here,"Booth, Jackson and Smith"
2769,Into,"Jones, Stevenson and Bond"
2770,Peace,Warner-Wilson
2771,Little,"Cox, Ortiz and Taylor"
2772,Order,Larson Ltd
2773,Budget,Becker-Foster
2774,To,"Anderson, Foster and Hall"
2775,Machine,Watson-Erickson
2776,Later,Robinson-Yates
2777,Major,Brown LLC
2778,War,Brown PLC
2779,Society,Wilson-Reed
2780,Look,"Jones, Johnson and Johnson"
2781,Either,"Weaver, Todd and Jones"
2782,Reveal,"Gallegos, Dillon and Rivera"
2783,Say,Sandoval-Barber
2784,Society,Vasquez Inc
2785,Suffer,Hernandez-Fields
2786,Past,"Park, Best and Kent"
2787,Wonder,Perry and Sons
2788,Might,Lester-Terry
2789,Contain,Hayes-Tucker
2790,Production,Baker-Hawkins
2791,Media,Stark LLC
2792,Father,"Garcia, Newman and Hall"
2793,Generation,"Robertson, Brown and Johnson"
2794,Politics,Brown PLC
2795,Threat,"Ochoa, Mills and Wilson"
2796,We,Boyle-Fernandez
2797,Participant,"Peterson, Morgan and Warren"
2798,Season,"Peterson, Bryant and Patterson"
2799,Television,"Henderson, Rubio and Cooper"
2800,Create,"Fisher, Bridges and Bailey"
2801,Before,"Williams, Petersen and Williams"
2802,Financial,Cohen Inc
2803,Off,Chambers Inc
2804,Alone,Martinez LLC
2805,Father,Rollins-Simmons
2806,Argue,Ramirez-Brown
2807,Fear,"Rivera, Foster and Anderson"
2808,Which,Branch and Sons
2809,Different,"Jones, Johnson and Rodriguez"
2810,Many,Caldwell-Carpenter
2811,So,Hall Ltd
2812,Fly,Beasley PLC
2813,Right,Hood-Bullock
2814,Consumer,Rose-Davidson
2815,On,"Frazier, Knapp and Padilla"
2816,Mother,Stephens-Martinez
2817,Individual,Weber LLC
2818,Laugh,Price-Young
2819,You,Herring PLC
2820,Sign,Jones LLC
2821,This,Morris-Brown
2822,Mind,"Hampton, Hull and Schultz"
2823,Yes,Dean-Pittman
2824,Rich,Frazier LLC
2825,Ago,Grimes and Sons
2826,Despite,"Mercado, Guzman and Koch"
2827,Surface,Kaiser-Ayala
2828,Foreign,Patel-Ramirez
2829,Fund,Holder PLC
2830,Five,Henry Group
2831,Evidence,Clark Inc
2832,Forget,Liu-Patel
2833,Century,Mason and Sons
2834,Reality,Wilson and Sons
2835,Know,Farrell PLC
2836,Always,Richardson and Sons
2837,Carry,"Richardson, Woods and Yates"
2838,Then,Gibson-Walker
2839,Son,"Bradford, Johnson and Hancock"
2840,Case,Jones-Stuart
2841,Herself,Morgan and Sons
2842,Design,Mcdowell Group
2843,Meeting,"Martinez, Park and Hernandez"
2844,Middle,"Rice, Weiss and Mccullough"
2845,Plan,Price-Moody
2846,Ball,Warren-Gates
2847,Place,Robinson-Hayes
2848,May,Wallace Group
2849,West,Martin-Martin
2850,Available,Garner Inc
2851,Always,Bonilla LLC
2852,Try,Jenkins Group
2853,Eye,"Decker, Proctor and Hall"
2854,Source,"Johnson, Stokes and Schaefer"
2855,Long,"Mcdaniel, Vasquez and Clark"
2856,Subject,Rivas-Wells
2857,Story,Keller-Douglas
2858,Him,"Pierce, Smith and Reese"
2859,Discover,Walton-Todd
2860,Analysis,"Johnson, Crawford and Nguyen"
2861,Front,"Ayala, Myers and Burke"
2862,Court,"Phillips, Frey and Foster"
2863,Take,Williams-Wilson
2864,Worker,Jacobs Inc
2865,Least,Roberts-Santana
2866,Parent,Perez Group
2867,Population,"Wilson, Higgins and Rodriguez"
2868,Good,Hamilton-Moreno
2869,Public,Phillips Group
2870,Position,"Alexander, Taylor and Gonzalez"
2871,Order,Huber PLC
2872,Sense,Hall Group
2873,Hit,"Miller, Singleton and Webster"
2874,Feel,"Ferguson, Adkins and Henry"
2875,Yet,Moss and Sons
2876,Whatever,"Lewis, Todd and Greer"
2877,Late,Anderson-Johnson
2878,Listen,Perez LLC
2879,Dream,Jennings-Aguilar
2880,Nothing,Garcia PLC
2881,Drug,Schneider Group
2882,Customer,"Butler, Johnson and Howe"
2883,Nothing,"Lewis, Colon and Rodriguez"
2884,Religious,Strickland PLC
2885,Per,"Burke, Morales and Daugherty"
2886,Would,"Martin, Moses and Williams"
2887,Course,King Inc
2888,Option,Garcia-Jackson
2889,Each,Young and Sons
2890,Treatment,"Roman, Singh and Weber"
2891,Notice,Young-Salinas
2892,Democrat,Phillips-Scott
2893,Condition,"Pace, Jackson and Hartman"
2894,Follow,"Lee, Harmon and Page"
2895,Next,Huynh-Reyes
2896,Street,Martin-French
2897,Bank,"Molina, Keith and Hensley"
2898,Near,Collins LLC
2899,Beautiful,Hodges-Bruce
2900,Message,"Romero, Miller and Savage"
2901,Attention,"Hardy, Wilson and Payne"
2902,Scientist,Ross-Graham
2903,Husband,Bailey Ltd
2904,Dog,Ryan PLC
2905,Cultural,Andrade LLC
2906,Visit,Bradley-Mills
2907,Describe,"Holmes, Leon and Martin"
2908,Study,"Hudson, Nguyen and King"
2909,Theory,"Dunn, Hill and Garcia"
2910,Trial,Jones LLC
2911,Notice,Knight Ltd
2912,Agency,Morgan PLC
2913,Ten,Giles Group
2914,Best,"Mora, Vincent and Cox"
2915,Industry,Swanson Group
2916,Of,Burton-Ford
2917,Room,Shaw Ltd
2918,Think,"Fisher, Patel and Duarte"
2919,Discussion,Hess-Beasley
2920,Pull,Hansen-Clark
2921,Clear,Hanson-Harper
2922,Economy,Webb Group
2923,Serious,Beard-Allen
2924,Character,Gregory-Taylor
2925,Crime,Thomas-Dominguez
2926,Long,White LLC
2927,American,"Myers, Meyers and Brooks"
2928,Local,"Lopez, Montoya and Duran"
2929,Safe,Adams Ltd
2930,Certain,"Nolan, Mendoza and Wright"
2931,Rise,Patrick-Murphy
2932,Decision,Briggs-King
2933,Animal,Phillips PLC
2934,Need,Kelley PLC
2935,Behavior,Wilson PLC
2936,Peace,Morrison LLC
2937,President,Cruz-Dickerson
2938,Tell,Lewis PLC
2939,So,"Jones, Ross and Castro"
2940,Economic,"Thomas, Rubio and Brown"
2941,Feel,"Mccoy, Kerr and Burton"
2942,Structure,"Greer, Gilbert and Lee"
2943,Fall,Greene-Mooney
2944,Argue,Atkinson-Davis
2945,Gun,Brown-Sanchez
2946,Shoulder,"Orr, Chang and Leblanc"
2947,Report,Kim-Riley
2948,Someone,Lloyd LLC
2949,President,"Murphy, Hoffman and Cameron"
2950,East,Smith-Christian
2951,Cell,Strickland Group
2952,Miss,Barber LLC
2953,Citizen,Brown Inc
2954,Few,Mccoy-Jones
2955,Hear,Washington PLC
2956,Not,Smith PLC
2957,Enjoy,Smith-Guerrero
2958,Send,"Sullivan, Maddox and Smith"
2959,I,Ramirez Ltd
2960,And,Mitchell-May
2961,Choice,"Taylor, Snyder and Allen"
2962,News,Brown Inc
2963,Between,Moore LLC
2964,Interesting,Mitchell-Higgins
2965,Particularly,"Mccarthy, Rodriguez and Donaldson"
2966,Century,"Nelson, Jordan and Wilson"
2967,Clear,Harris and Sons
2968,Mean,Rodriguez-Thomas
2969,Show,Ward-Anderson
2970,But,Bennett and Sons
2971,Next,Montgomery-English
2972,Time,Ayala-Galvan
2973,Sing,Jackson-Harris
2974,Single,Gutierrez PLC
2975,Mean,Martin-Bryant
2976,Avoid,"Robinson, Williams and Scott"
2977,Must,Morgan-Lam
2978,Season,"David, Thomas and Barber"
2979,Wind,Ward-Miller
2980,Lot,Lambert LLC
2981,Stuff,Fox LLC
2982,Summer,Riley-Medina
2983,Image,Graves LLC
2984,Situation,Mcguire-Peterson
2985,Whatever,Moreno Ltd
2986,Main,Mcbride-Conley
2987,Building,Carter-Lambert
2988,Impact,Martin-Harris
2989,Daughter,Matthews-Carey
2990,Must,"Brooks, Ward and Little"
2991,Future,Hernandez LLC
2992,Wind,"Rogers, Barajas and Hunter"
2993,Ago,Hernandez-Curtis
2994,Politics,Cochran PLC
2995,Goal,Henderson and Sons
2996,Whom,Price-Smith
2997,Tree,Hoffman and Sons
2998,Not,Jefferson PLC
2999,Edge,Watts-Mccormick
3000,Hit,"Green, Ortiz and Wilson"
