ImprovementID,ModelID,Description,ImpactLevel,ImplementationDate
1,558,Summer board base already.,High,07/03/2024
2,2921,Light sign one sense.,High,13/04/2024
3,265,Marriage star fear surface.,Medium,13/11/2023
4,1401,Lead American development likely much.,Medium,24/04/2024
5,1360,Season marriage everything rule.,High,23/08/2023
6,1293,Read care all politics look leg.,Low,01/12/2023
7,2489,Than arrive one southern meeting.,High,17/11/2023
8,322,Crime news per affect.,Low,16/02/2024
9,2899,Cup hotel little number deep answer.,Medium,24/12/2023
10,1509,Discussion for minute blood mention yourself eat.,High,16/09/2023
11,1058,Chance series quickly new community case might.,Low,03/02/2024
12,351,Understand imagine if accept.,Low,01/03/2024
13,1725,Make next history natural offer few.,High,23/07/2023
14,2435,Evening impact home enough cut natural of.,Medium,18/09/2023
15,2654,Ready player dinner quite answer.,High,14/01/2024
16,714,Position last know author through.,Low,08/12/2023
17,2310,Five three wrong new camera no fight.,High,19/01/2024
18,66,Although factor many today tonight.,High,21/01/2024
19,2386,Less project size.,High,03/02/2024
20,2653,My common character truth benefit white foot.,High,03/08/2023
21,983,Probably official everybody wind leave dinner.,Low,29/04/2023
22,2305,Discover prevent community smile force manager through measure.,Low,15/05/2023
23,1510,Quite report collection debate.,Medium,14/10/2023
24,2235,None effort name Congress write.,Medium,15/01/2024
25,2556,Next relationship affect appear look there.,Medium,16/09/2023
26,2876,Fear mission standard social.,High,02/11/2023
27,895,Body pattern trial view.,High,08/03/2024
28,2566,Should big plan boy.,Medium,12/12/2023
29,849,Section investment outside him anyone mean.,Low,29/03/2024
30,1057,Sure ball education like figure quite major.,Medium,07/06/2023
31,2877,Think single try large red.,High,25/01/2024
32,2815,Draw sense research hotel.,High,24/03/2024
33,497,Sound talk particular remain source.,Low,21/06/2023
34,1486,General enter include phone either tree short.,High,24/03/2024
35,1838,Section maybe that wish soon.,Medium,23/11/2023
36,688,Defense benefit long break red.,High,23/03/2024
37,1961,Writer cut above raise capital real send.,High,01/11/2023
38,326,Gun best scientist learn.,Medium,08/11/2023
39,121,Throw sister away front.,Medium,28/10/2023
40,2443,Heavy though rich.,High,26/07/2023
41,2281,Front possible plant stage thank.,High,28/06/2023
42,859,Purpose mother organization paper realize model various.,High,27/07/2023
43,1652,Certainly enough society upon voice everyone.,Medium,06/09/2023
44,59,Wall sign sing explain interesting recognize.,High,28/01/2024
45,2820,Stage clearly college my memory.,Medium,06/07/2023
46,563,International movie movement choice big history.,Low,01/10/2023
47,2019,Field loss Republican product threat.,Low,28/04/2023
48,527,Life scene area actually could health.,Low,11/01/2024
49,2035,Window single activity year shoulder alone issue recent.,Low,10/07/2023
50,2625,When customer majority quickly.,Low,09/09/2023
51,360,Once organization choice rule.,Medium,21/07/2023
52,2403,Husband focus happen knowledge.,High,16/10/2023
53,718,Letter game drug help.,High,28/11/2023
54,231,Thing use in word.,Low,15/12/2023
55,629,Get could enough or commercial bit choose.,Low,12/06/2023
56,1026,Government guy candidate loss likely whose.,Low,22/05/2023
57,1532,Center structure blood case street really friend.,Medium,08/02/2024
58,1641,Television purpose unit.,Low,02/03/2024
59,2240,Help growth father pass.,Low,27/04/2024
60,1839,Position space rather arrive age recognize ground.,Medium,19/08/2023
61,121,Image focus never rule.,High,08/02/2024
62,506,Work me generation fine.,High,06/12/2023
63,843,Campaign hour they high.,High,11/02/2024
64,1392,Exist rule practice cup.,Medium,15/05/2023
65,372,Bag ball boy wonder authority age.,High,31/12/2023
66,1748,Sometimes necessary popular more center or.,Medium,10/09/2023
67,2776,Fly force score chair.,High,01/03/2024
68,2144,Station bit follow black like position resource.,Low,08/07/2023
69,1367,Day speech rather seat future.,Medium,14/12/2023
70,1322,Show experience month natural.,High,09/05/2023
71,309,Information onto part care her inside chance.,High,07/01/2024
72,1323,First control tend nothing eye enough collection.,Medium,22/11/2023
73,70,Service have itself.,High,11/02/2024
74,1003,Consider suggest majority about condition score protect.,Low,13/07/2023
75,1023,Able discussion western role else clearly.,Medium,12/01/2024
76,2034,Drug usually magazine wear agency.,High,10/06/2023
77,559,Help light night education enter season.,High,07/08/2023
78,642,Fine husband system window.,Low,05/01/2024
79,680,Include board improve suggest college today.,Low,05/12/2023
80,1453,Strong technology as itself game center.,Medium,25/06/2023
81,2623,Reduce our system happy form student board.,Medium,17/06/2023
82,1703,Record responsibility treat house child can agency.,Medium,18/03/2024
83,42,Soon body what simply everyone though.,Medium,18/09/2023
84,2217,Also financial go apply.,Medium,21/03/2024
85,1399,Degree treat authority interest save window.,Low,09/09/2023
86,499,That hit brother order want majority vote.,Medium,31/03/2024
87,2907,Always right ready relate true nor.,High,18/06/2023
88,836,Opportunity eat picture tend watch.,High,11/07/2023
89,653,Agreement line friend why be.,High,28/11/2023
90,2944,Human use say fund example.,High,24/03/2024
91,971,Others yeah live offer.,Low,26/12/2023
92,275,Billion responsibility certain class travel career.,Low,23/03/2024
93,1344,Travel must response old institution.,Medium,28/11/2023
94,786,Rest of tell account role human hour our.,Medium,07/12/2023
95,656,This local police art.,High,19/03/2024
96,2893,Common big purpose usually glass.,High,08/11/2023
97,2530,Season build should young though pass other.,Medium,26/01/2024
98,2622,Hundred court risk detail red quality civil.,Medium,28/02/2024
99,1805,Among few whose accept explain among.,Low,06/11/2023
100,1637,Clear per her training attorney share.,High,17/09/2023
101,5,Not often assume worry.,Medium,03/07/2023
102,2850,Nice their early Congress door above help.,Low,25/02/2024
103,191,Able including development nor brother go.,Medium,07/06/2023
104,1453,Analysis human dark weight.,Medium,25/09/2023
105,2506,Serious stage understand wonder argue individual.,Low,19/03/2024
106,763,Family skin long quickly wish.,Low,03/10/2023
107,1378,Religious school cut.,High,26/01/2024
108,1328,Television trouble old establish surface.,Low,19/07/2023
109,700,During race line try set be.,High,26/08/2023
110,2953,Key state while for end community TV.,High,18/04/2024
111,2894,Your east yard daughter away same.,Low,27/12/2023
112,108,Or perform research.,High,10/03/2024
113,891,Box source into media avoid one.,Medium,19/12/2023
114,566,Suddenly society best their.,Low,18/11/2023
115,2719,He involve move forward.,Low,10/04/2024
116,792,Ask mother police meet among article fall.,Low,11/10/2023
117,380,Or individual science people.,Medium,23/06/2023
118,1442,Create course avoid laugh section stay.,Medium,26/03/2024
119,187,Indeed response red point.,Medium,15/08/2023
120,1886,Lay notice wind be.,Low,19/12/2023
121,129,Show of me single within bit book though.,Medium,19/01/2024
122,2999,Choose young choice blood each machine discussion citizen.,Medium,25/08/2023
123,600,Term pretty school rate brother.,Medium,20/03/2024
124,2146,Step idea prevent star off conference plant.,Medium,08/02/2024
125,1304,Range bring contain few six child spring.,Medium,16/04/2024
126,987,However attention scene serious soon tell.,High,24/12/2023
127,1162,Push process better.,Medium,19/11/2023
128,920,Debate look view federal.,Low,05/02/2024
129,2894,Computer image face opportunity rule pay.,High,21/02/2024
130,21,Attack contain front skill quite major.,Medium,17/11/2023
131,1059,Really down official future skin hard.,High,30/01/2024
132,2103,Congress radio poor history shake prevent impact.,Medium,17/12/2023
133,734,Standard water gun expect dinner.,Medium,27/06/2023
134,1026,Certainly race source other situation.,Low,26/09/2023
135,1997,This act must article trip people.,High,10/02/2024
136,1111,Piece start tough place blue.,Medium,02/02/2024
137,499,Major available sign TV.,Medium,21/05/2023
138,13,Television fill when view.,Medium,14/01/2024
139,507,Join method quite.,High,21/02/2024
140,1413,Board green its our.,Low,12/10/2023
141,2890,Often culture poor beyond give per.,Medium,28/09/2023
142,1930,Over mother none news single risk recent.,High,30/08/2023
143,1915,Relationship senior film every dog station president.,High,27/05/2023
144,2033,Born billion mouth dinner address.,Medium,20/03/2024
145,78,Why maintain small usually.,Medium,11/03/2024
146,2930,Forward back money everybody answer detail end.,High,06/02/2024
147,1417,Off according race.,High,23/09/2023
148,2023,Half until president office against.,Medium,20/10/2023
149,438,Last recently base task institution capital rate.,High,09/01/2024
150,2294,Bar under wide.,Medium,10/10/2023
151,1507,Only hair reality unit.,High,07/11/2023
152,810,Argue measure himself woman for.,Low,17/11/2023
153,1780,Town few artist soon sort.,High,10/06/2023
154,399,Current away you page.,Low,29/12/2023
155,1425,Old responsibility positive industry shake similar seek time.,High,14/10/2023
156,360,Hour major decide.,Medium,21/08/2023
157,1661,Cost Mrs fight fear range father street stage.,Low,31/01/2024
158,408,I your watch image theory consumer.,Medium,17/01/2024
159,2117,Agency head scientist food.,High,16/09/2023
160,174,Fund take measure page effect time beyond.,Medium,12/04/2024
161,2222,Staff father yeah something.,Medium,28/04/2023
162,676,Paper smile market food huge.,Low,11/03/2024
163,2882,Night either billion do expect.,High,12/10/2023
164,469,Morning miss art nation with me hair either.,Low,07/06/2023
165,800,Much increase much kitchen.,Low,26/01/2024
166,478,Amount two red court identify.,High,13/10/2023
167,2988,Sit see west give enter.,Medium,15/03/2024
168,1893,Involve sign billion relationship almost turn.,Low,26/06/2023
169,1887,Current father spring management official question let both.,Low,10/07/2023
170,808,Support less cultural program nor police.,Low,18/10/2023
171,1269,Face sense during where bag prevent nature.,High,24/03/2024
172,2906,People where drive gun raise.,Medium,12/02/2024
173,2914,Box maintain good he.,High,06/11/2023
174,210,Skill series between full there.,Low,14/04/2024
175,1204,More evening trial.,Medium,03/07/2023
176,708,Whatever green environmental develop itself relate teacher.,Low,16/02/2024
177,412,From power speak exist.,Medium,17/12/2023
178,908,Kind however better factor.,Medium,13/04/2024
179,496,Indeed job along discuss nothing.,Medium,28/03/2024
180,221,Whatever turn theory remember worry.,Medium,27/01/2024
181,526,Order family happy in number politics.,Medium,22/11/2023
182,969,Mission rock concern sound mean.,Low,26/10/2023
183,1277,Whom Republican more like.,High,22/05/2023
184,2838,Figure rather talk fund natural item game.,Low,12/06/2023
185,716,Expect without crime practice.,Medium,20/04/2024
186,2751,First poor task back yes structure Congress.,Low,07/01/2024
187,2863,Police money half yourself.,Low,01/06/2023
188,1778,Take write majority choose behavior standard.,High,30/01/2024
189,2557,Him beyond gas community learn thank score.,Medium,25/08/2023
190,438,Interest go lay region.,Low,31/08/2023
191,448,Positive available future career agency yourself.,High,17/09/2023
192,1135,Marriage human future plant grow.,Medium,10/01/2024
193,1775,Tonight measure star level.,High,05/08/2023
194,1909,Moment with him himself.,High,06/07/2023
195,465,World strong other.,Low,07/04/2024
196,1685,Never position live task most.,Medium,29/04/2023
197,126,Push share product worry.,Low,05/12/2023
198,1520,Each some set according fish recent.,High,16/11/2023
199,1803,World physical ready or avoid.,High,21/04/2024
200,2330,Firm break thought and include quite least.,Low,27/11/2023
201,2569,History add authority film memory purpose make lead.,Low,25/09/2023
202,288,Agency development much.,Medium,14/07/2023
203,1091,Range less sit remember often feel.,High,07/10/2023
204,1979,Cause large finally pattern smile worker animal analysis.,High,06/08/2023
205,1620,Ever risk shake always surface.,Medium,30/10/2023
206,337,Several information team main.,High,29/05/2023
207,2906,Lay sort draw weight.,High,29/11/2023
208,410,Sing over discover.,Medium,12/04/2024
209,2360,Green allow she pretty.,High,05/10/2023
210,1138,Community guy majority concern.,Low,12/01/2024
211,2439,Smile sometimes yard ever create treat popular senior.,High,13/07/2023
212,614,Wear above tax choose market although.,Medium,09/10/2023
213,1721,Table action summer item eat.,Medium,19/01/2024
214,2968,Stuff which must room modern friend front.,High,12/04/2024
215,2810,Son she second month every note bag tough.,High,03/08/2023
216,2870,Help child reach mind as.,High,06/09/2023
217,2061,Lead blue daughter PM.,Low,04/10/2023
218,2701,Himself strategy ready those listen.,Medium,25/01/2024
219,789,Public level send affect protect its imagine.,Low,22/02/2024
220,2898,Short always plant blue share perform suggest.,Medium,26/07/2023
221,2729,Head general live stand.,High,05/06/2023
222,42,Heart other poor entire thank.,Low,24/09/2023
223,2354,Interesting guess employee style idea read story tell.,Medium,11/09/2023
224,2233,Should turn agency democratic term room example.,High,10/10/2023
225,785,Traditional they even item.,Medium,21/11/2023
226,2081,Compare else else know.,Medium,12/09/2023
227,1539,Raise miss reality score peace.,Medium,24/02/2024
228,27,Choice hold believe learn security program two.,High,27/08/2023
229,406,Red before respond man black idea.,Low,23/07/2023
230,1289,Mean would five peace.,Medium,27/10/2023
231,1159,Politics consider lose capital age building.,Medium,05/12/2023
232,594,Visit mission hour else expect.,Medium,03/10/2023
233,1289,Opportunity assume outside report dark everybody.,High,01/01/2024
234,2989,Lay section baby factor physical.,High,26/10/2023
235,951,Wide any work agreement.,Low,05/10/2023
236,949,Group let time simple professional.,High,10/03/2024
237,1517,Offer participant together method increase.,Medium,27/02/2024
238,2375,Here will mind ago model family yeah.,Medium,10/03/2024
239,1168,Ready bring say three.,High,05/08/2023
240,606,Radio thus charge history north no.,Medium,10/06/2023
241,1642,Human impact ready crime stuff new line.,Low,13/03/2024
242,90,During region memory degree style.,Low,06/01/2024
243,2869,Street news could research tonight grow reduce.,Medium,16/12/2023
244,718,Quality dog poor develop doctor brother draw.,Medium,11/11/2023
245,2349,Firm care beat born also avoid.,High,30/07/2023
246,2129,Let positive answer environment young six.,Low,04/08/2023
247,1580,Top whether option building government such baby.,Medium,06/09/2023
248,1462,Method leg next air center.,Low,08/11/2023
249,1866,Be approach need teach science window few machine.,High,25/11/2023
250,1409,Second soon social remain less.,Medium,07/09/2023
251,1069,End anyone PM help center minute.,Medium,03/01/2024
252,2802,Situation property citizen year life word.,High,12/11/2023
253,1495,Congress deal administration article us.,Medium,08/09/2023
254,232,Continue traditional person law in west art personal.,Low,25/09/2023
255,515,Myself environmental section education and door.,Low,09/03/2024
256,777,Fish those go or fish whose not.,Medium,04/03/2024
257,587,Beautiful former American she.,Medium,04/10/2023
258,872,General ball action score college improve.,Low,06/11/2023
259,2460,Lot rich practice answer.,Medium,24/03/2024
260,1627,Feel dog her.,High,26/11/2023
261,2603,Government order debate include their.,Medium,17/08/2023
262,939,Probably suddenly catch decade clearly.,High,04/12/2023
263,1526,Always base doctor than each hotel player.,Medium,02/07/2023
264,645,Approach happy visit successful.,Low,16/03/2024
265,1742,Him make performance direction to within staff.,Low,15/11/2023
266,1837,Send former my white offer join.,High,08/08/2023
267,2355,Chance class could though.,High,05/03/2024
268,2449,Partner magazine thank apply.,Low,24/09/2023
269,1653,Performance mention although support will among.,High,09/01/2024
270,1632,Dog miss sort listen majority.,Low,24/07/2023
271,2333,Season would read employee seek.,Low,27/08/2023
272,1953,Cold by behavior trial sister natural forward.,Medium,14/09/2023
273,569,Approach white could direction moment.,High,11/02/2024
274,108,Foreign drug successful list there.,Medium,29/12/2023
275,732,Animal themselves type pressure save technology several.,Medium,12/04/2024
276,1890,Approach occur couple follow.,Medium,28/05/2023
277,2739,Political interview strategy amount.,Medium,05/03/2024
278,2645,Party television indicate night son success once.,Medium,02/06/2023
279,344,Special cup where why she provide everyone.,Low,14/07/2023
280,736,Skin administration son home tell perhaps.,High,07/04/2024
281,1359,Much herself sense he speak just marriage.,High,02/04/2024
282,565,Information along option most than state.,High,31/05/2023
283,2618,Later point instead employee any force.,High,19/08/2023
284,1070,Ever produce star reflect factor office important.,Medium,13/11/2023
285,2547,Someone point carry return country author brother food.,Medium,15/04/2024
286,1791,Friend past beyond page work.,Medium,05/10/2023
287,212,Sister join green game.,Low,13/11/2023
288,431,Station forget offer.,Medium,04/06/2023
289,1944,Stay yard method decade able what feel.,Medium,01/12/2023
290,2589,Tree leg force.,Low,26/12/2023
291,1946,Program option information would act occur.,Low,03/08/2023
292,1111,General type high possible commercial.,Low,28/08/2023
293,2105,Soldier why little really.,Low,09/09/2023
294,2529,Since value laugh themselves talk.,Low,20/12/2023
295,2643,Rise try nature ability just road.,High,21/03/2024
296,64,Represent almost sister wish plant think mother.,Low,16/03/2024
297,1288,By wear score responsibility everybody appear.,Medium,13/10/2023
298,1451,Card difficult myself raise receive trial throw.,Low,18/02/2024
299,1756,Wear top increase less indicate girl.,High,09/02/2024
300,829,Girl well daughter open.,High,14/08/2023
301,611,Success sport pick break nice local.,High,21/04/2024
302,620,Senior western study society mission be carry.,High,30/12/2023
303,943,Land authority concern listen life.,Medium,13/05/2023
304,2952,Level single movement meeting first subject security.,High,22/01/2024
305,2195,Notice cell safe imagine so spring dream.,Low,27/01/2024
306,2654,Yard near write.,High,16/02/2024
307,1657,Place quite car.,Low,29/06/2023
308,412,Population evidence shoulder long every finish summer.,Medium,21/03/2024
309,787,Picture fear investment civil.,High,21/10/2023
310,124,Class great consider sort share body.,Medium,27/03/2024
311,2119,Three late thank hold up its.,Medium,22/10/2023
312,2595,Every to scene popular stop onto.,Medium,06/11/2023
313,1567,Simple although appear ask thank.,High,22/08/2023
314,772,Sister town one his stay kid operation final.,High,31/01/2024
315,953,Risk serious defense answer avoid audience technology unit.,High,20/12/2023
316,1931,Major staff attorney purpose budget act possible.,Medium,21/11/2023
317,2426,Laugh get over American family.,High,04/10/2023
318,1288,Toward west get might product.,Medium,29/11/2023
319,1182,Machine set style reason property.,Medium,02/10/2023
320,2170,Democrat part suffer.,Medium,25/12/2023
321,2808,These prepare manager effort challenge.,High,05/05/2023
322,2647,Front though sure.,Medium,06/08/2023
323,1510,Fight security medical glass least.,High,02/08/2023
324,1041,Cost return oil lawyer likely well total.,Low,15/07/2023
325,2969,You deep condition camera card.,Low,23/02/2024
326,1284,Group edge learn finally discover reality debate official.,High,12/12/2023
327,6,Military allow others environment check fast meeting someone.,Medium,02/01/2024
328,1225,Left million office forward specific.,High,16/11/2023
329,1163,Paper box sign list best.,High,05/08/2023
330,2158,Side discussion cultural alone goal food.,High,29/07/2023
331,8,Rule party fast drive mind share realize.,High,29/01/2024
332,2868,Phone head quickly campaign professional writer feeling.,Low,04/06/2023
333,1722,He bill black so.,Medium,10/02/2024
334,176,Marriage board project open follow institution.,Low,27/09/2023
335,2562,Budget huge stock.,High,04/01/2024
336,1329,Time paper example.,High,27/03/2024
337,80,Cover part power class firm politics.,Low,27/05/2023
338,479,Blue interesting stop myself entire discuss administration.,Medium,06/05/2023
339,799,Loss white medical address base leg politics.,Medium,22/10/2023
340,448,Investment start material budget strong.,High,13/11/2023
341,1737,Pretty recently finally across doctor summer.,Medium,11/07/2023
342,2916,Why protect action strong.,Low,19/05/2023
343,1264,Society law face my.,Medium,26/02/2024
344,1780,Soon old decide your answer.,Medium,24/02/2024
345,698,Despite voice until happy.,Medium,12/12/2023
346,1519,Detail size clearly successful meet always.,High,29/05/2023
347,2188,Case but board seven protect local guy.,Medium,01/10/2023
348,181,Must table check speak business.,High,15/03/2024
349,531,Police gun American maybe window how.,Low,11/03/2024
350,2646,West television rate offer board professor it little.,Medium,06/11/2023
351,785,Feel move value far offer.,High,01/07/2023
352,2350,Guy throughout whatever society will dog cultural.,Low,17/03/2024
353,61,Always doctor you follow.,High,11/07/2023
354,2628,Quality current health despite against sort.,Medium,27/06/2023
355,2215,Strategy too provide oil grow save.,Medium,27/09/2023
356,2382,Carry hear anyone eight free west apply.,Medium,10/04/2024
357,2170,Leg at turn again story near would chance.,Medium,08/02/2024
358,554,By seek analysis officer.,Low,15/04/2024
359,2705,Follow might it quite.,Low,29/10/2023
360,386,Him area wind lead fight model.,Low,12/12/2023
361,2209,Sport manage sea focus future.,Low,27/05/2023
362,2220,Treatment who shake air teach government.,Medium,28/11/2023
363,720,Fund whose whose thank send.,Low,01/06/2023
364,215,Me mother case.,Medium,04/03/2024
365,51,Include goal public.,High,30/09/2023
366,2016,Our or important.,Medium,01/02/2024
367,315,Though Congress medical specific pattern notice before.,Low,13/01/2024
368,2607,Try serious wrong.,Low,21/05/2023
369,118,World result society tree.,Medium,02/08/2023
370,2309,Real who international many step car.,High,07/01/2024
371,1561,Ground all interest station.,Low,30/12/2023
372,2196,Nor from build Mr lose.,Medium,05/03/2024
373,2618,Employee summer employee appear several this war course.,High,19/09/2023
374,2059,Career manager week several.,Low,24/02/2024
375,848,Born cover baby give.,Medium,03/08/2023
376,2087,Eat manage compare market parent need science.,Medium,05/08/2023
377,1728,Exactly know health heart economic.,Medium,14/02/2024
378,356,Happy scene baby course.,Low,09/02/2024
379,2442,Alone student stand modern while.,Low,10/06/2023
380,1470,Effect whose later model receive speak summer.,High,29/06/2023
381,1128,Turn policy garden time sure team.,High,24/02/2024
382,1242,Itself him nation food hospital.,Medium,31/10/2023
383,2177,Reflect senior small daughter scene.,High,26/11/2023
384,1599,Effect name usually hospital tell.,Medium,03/03/2024
385,868,Section particular high same.,Low,28/08/2023
386,1231,Look free word protect statement memory.,High,19/08/2023
387,2323,Through light leg movement population reduce.,High,22/10/2023
388,2519,Painting serve matter too.,Medium,28/12/2023
389,2790,Himself PM image just let sea born.,Low,26/03/2024
390,2162,Hit design perhaps speak.,Medium,31/05/2023
391,1151,Notice dog coach since poor.,Low,08/03/2024
392,2893,Family although threat professional effort many.,Medium,04/03/2024
393,1405,Evening cell truth theory.,High,06/12/2023
394,482,Senior walk deal enter top cover arrive.,Medium,19/05/2023
395,972,Soon nothing when word control visit.,Low,04/08/2023
396,2370,Example remember wrong.,Low,07/09/2023
397,1529,Recently only second person save.,Low,24/08/2023
398,1320,House party difference past baby admit future.,Medium,18/08/2023
399,1392,Worker language cut soldier step down claim.,High,17/11/2023
400,2524,Education hotel modern sense.,Medium,14/02/2024
401,973,Among enjoy produce shake only financial.,High,08/05/2023
402,2973,Collection three rest campaign.,Medium,09/07/2023
403,2536,Yard receive without almost society term.,High,10/01/2024
404,2444,Too final local floor drug home wide.,Medium,28/09/2023
405,2487,Traditional hard ten marriage father political.,High,25/08/2023
406,2232,Despite thank quickly accept consider fund.,High,26/11/2023
407,1901,Peace evening claim difference.,High,28/10/2023
408,1327,Animal give want I certainly.,High,13/07/2023
409,2538,About design property professor.,High,06/05/2023
410,710,Town art certainly.,High,07/04/2024
411,2463,Recognize wind so fire.,High,02/02/2024
412,2098,Heart election air factor agreement.,Low,02/06/2023
413,1091,Market analysis particular.,Medium,21/04/2024
414,1731,Day great note talk citizen.,Low,11/10/2023
415,1162,Quality end responsibility.,High,13/08/2023
416,1916,Standard field set increase everyone last.,High,29/08/2023
417,2691,Father consumer relationship.,High,24/06/2023
418,1478,Structure future which among new consider.,Medium,17/12/2023
419,510,Ten there relationship.,High,28/12/2023
420,1895,Republican argue indeed TV.,Low,03/09/2023
421,1383,National do them may care say daughter.,Low,23/02/2024
422,946,Sell deal force knowledge.,High,23/07/2023
423,351,Front wear garden begin street story.,High,11/06/2023
424,2772,Road ready culture beyond see now situation.,High,31/05/2023
425,643,Of true traditional view.,Low,16/11/2023
426,2244,Land important serve building whole.,Medium,30/07/2023
427,520,Out conference success sea senior pull decision.,High,06/12/2023
428,691,Short kid outside indicate PM.,High,05/08/2023
429,2770,Tell situation brother out turn.,High,22/10/2023
430,200,Wait push mind property produce evidence.,High,13/07/2023
431,1623,Free old control other agreement project.,High,12/10/2023
432,1253,Help minute green argue company city.,Medium,09/06/2023
433,298,Glass federal on Mr.,Low,05/02/2024
434,2024,Usually strategy television boy wide.,Low,16/02/2024
435,2502,Different heart main country.,Medium,26/09/2023
436,1022,Trial head federal scientist service.,Medium,10/06/2023
437,2174,Indeed table detail into yes analysis.,High,24/12/2023
438,1106,Design especially baby whom.,Medium,14/04/2024
439,238,Win side worker.,Medium,08/04/2024
440,2235,Entire before play then those nor.,Medium,17/12/2023
441,2639,Away move share but push cold hotel.,High,28/01/2024
442,1645,Accept rich fish large.,High,20/08/2023
443,2770,Over key table action forget morning.,High,06/11/2023
444,1356,Career seven good with him more election.,Low,31/01/2024
445,2763,Believe represent seven outside.,Medium,01/07/2023
446,1016,South gun total set amount government.,High,07/01/2024
447,506,Story daughter eye home dog leg.,Medium,22/01/2024
448,1132,Production moment choice.,Medium,28/10/2023
449,889,Avoid history miss security.,Medium,21/02/2024
450,627,American deal chance ball development fly report pull.,High,15/01/2024
451,814,Physical economy instead financial minute third.,Low,14/07/2023
452,908,Body little dark try word down expect.,Medium,06/02/2024
453,1839,Very account focus something.,Medium,28/08/2023
454,1143,Tax require cause high admit treat player.,High,01/04/2024
455,1721,City unit single organization.,Medium,15/08/2023
456,1771,Just wife play TV many right individual simple.,Low,06/10/2023
457,1927,Southern song piece authority trial seek outside.,Low,11/02/2024
458,1729,Opportunity attention finish pick view safe water course.,High,23/11/2023
459,2691,Appear add blue week.,High,29/09/2023
460,1521,Unit room resource forget student.,Low,08/08/2023
461,2709,Both left shake.,Low,17/12/2023
462,1242,Likely popular remember various.,Low,10/01/2024
463,2289,How account high different consumer.,High,08/03/2024
464,2990,Position exist protect line hour policy whether specific.,Low,09/09/2023
465,2640,Use leg first box democratic skin development.,High,26/07/2023
466,1453,Significant stay show current.,High,09/02/2024
467,85,Expect move mother marriage nor agreement close.,Medium,13/01/2024
468,1334,Play Mr build matter.,High,19/01/2024
469,249,And past kind cover role include.,High,27/04/2024
470,2665,Course popular money word use east cell.,Medium,08/04/2024
471,2367,Ago rest discover.,High,25/01/2024
472,320,Court property inside.,Medium,09/02/2024
473,2784,Cold thought risk effort at option understand.,Medium,11/12/2023
474,1533,Improve east rather upon of.,Medium,17/12/2023
475,2648,Data less down point national same.,High,23/10/2023
476,2611,Apply without into goal.,High,01/09/2023
477,1819,Unit statement similar remain both.,High,12/02/2024
478,2302,Audience choose man.,Low,19/12/2023
479,479,Reason until stop give yard.,High,02/01/2024
480,731,Role pick budget fall necessary necessary.,High,22/03/2024
481,2012,Determine red until rise role political trial.,Medium,14/06/2023
482,934,Detail analysis policy none moment especially cover.,Low,24/04/2024
483,2610,Order someone wall coach almost.,Low,30/04/2023
484,1975,Arm need do front second.,High,01/10/2023
485,80,Follow political space.,Low,31/08/2023
486,653,Computer three executive see still individual.,High,03/09/2023
487,2870,Cultural federal cell hold.,Low,15/02/2024
488,1067,Rule point get specific truth.,Low,28/05/2023
489,220,Either tax establish decision second experience source.,Medium,29/10/2023
490,2615,Discuss stop rather outside program computer nearly.,Low,22/05/2023
491,1828,Including try five with then item no.,High,04/08/2023
492,851,Out ago during car fast speak.,High,15/07/2023
493,2820,Process do prepare four price give court.,Medium,14/08/2023
494,1822,Low every make more discover poor suggest alone.,Low,11/04/2024
495,2009,Account weight happen allow front also.,High,22/09/2023
496,429,Place shake north maybe.,High,03/12/2023
497,736,Popular wind animal any however citizen thought.,Medium,13/09/2023
498,752,Official plan citizen morning they like evening adult.,High,01/07/2023
499,2707,Body brother ability analysis share off stock.,Low,16/01/2024
500,865,History take again dream.,Low,06/03/2024
501,684,Million performance town quickly others happy.,Low,25/03/2024
502,2006,Tough issue radio positive smile culture box.,Medium,06/07/2023
503,1814,End process whether white site.,Low,25/10/2023
504,1199,Assume take lose long result.,Medium,11/06/2023
505,355,Stop view could by off.,Low,06/06/2023
506,2192,Final to course someone place which.,High,20/03/2024
507,2990,Always rule reveal pass community sea.,Medium,06/10/2023
508,2910,South decade young continue only gas investment.,Medium,13/05/2023
509,1802,Final pattern any both will better director.,High,21/01/2024
510,1339,Sound suffer could according doctor.,High,16/07/2023
511,1491,Business question my method garden.,Low,04/01/2024
512,1671,Hand option rest role perform.,High,14/07/2023
513,2412,Door edge suggest which arm hot to.,High,04/06/2023
514,2357,Enough whatever reach choose pretty decision add recent.,High,12/05/2023
515,55,Expect direction author factor factor.,Low,26/05/2023
516,2023,Impact bad sort similar talk seat.,Medium,12/07/2023
517,2878,Start among for hand effect.,Low,28/12/2023
518,2330,My actually fish approach.,Medium,21/10/2023
519,2197,Season recent and only our collection sure low.,High,16/07/2023
520,2332,Manager fly place cultural.,Low,21/09/2023
521,2454,Thought probably head.,Low,17/03/2024
522,141,Cell suggest that west along.,Medium,12/01/2024
523,1290,Here pattern onto eight.,High,11/12/2023
524,2365,Vote before oil music involve my.,Medium,10/05/2023
525,905,Just drop into dream program side.,Low,23/07/2023
526,197,Drop part chair reach cover book.,Low,08/09/2023
527,1440,Debate growth security available.,Medium,21/08/2023
528,1503,Indeed performance fish thus.,Low,07/06/2023
529,2167,Including tell memory family real take they.,Medium,02/11/2023
530,409,Yes dream man goal help into decide.,High,17/03/2024
531,2615,Wall since change serve onto your record traditional.,Low,10/04/2024
532,1272,Piece game father nearly lot energy.,High,10/10/2023
533,381,Note wife others page throw participant.,High,26/09/2023
534,1634,Total test everybody suggest surface should such.,Medium,13/02/2024
535,42,Data media happy carry.,Low,20/07/2023
536,7,Development for stuff high fund.,Low,24/10/2023
537,770,Beyond moment both little property.,Low,19/03/2024
538,1687,Less cultural member.,Low,01/03/2024
539,2300,Paper gas example which past.,Medium,01/03/2024
540,305,Sport avoid inside turn painting write how.,Low,12/02/2024
541,2124,Guess me above computer play special live teach.,Medium,05/07/2023
542,1086,Forward body explain full same population.,Low,17/07/2023
543,2024,Everything late special mother help.,High,11/02/2024
544,2628,Themselves place guy think spring moment.,Low,24/04/2024
545,1247,Ball us provide effort miss film smile thing.,High,11/03/2024
546,1027,Participant impact development never water go during create.,Medium,02/03/2024
547,488,Arm what resource the expert.,Low,16/05/2023
548,875,Point official every well high high.,High,15/12/2023
549,2151,So spring star light not treat.,Medium,05/10/2023
550,1663,Vote movement economy.,High,27/04/2024
551,2016,Second maybe church theory sound.,Medium,11/09/2023
552,585,Recent require without across final treat there system.,Medium,28/07/2023
553,600,Consider everybody during public.,Low,12/04/2024
554,2946,Enter address anything Congress speak eye light.,Medium,23/04/2024
555,2248,Charge be language project try middle community.,Low,21/04/2024
556,2358,Me spend skin model defense.,High,15/07/2023
557,1792,Recent campaign shake administration movie do black through.,High,10/02/2024
558,770,Establish raise watch you institution strategy.,High,03/11/2023
559,676,Upon economy talk partner.,Medium,06/12/2023
560,2724,Good reveal commercial once theory after friend.,Medium,27/02/2024
561,1706,Meet interest member their type.,Medium,12/03/2024
562,276,Represent method or kind owner amount research.,Low,31/05/2023
563,2725,Process ever each nice set yes who she.,Low,22/11/2023
564,2508,Time remain national back.,High,15/05/2023
565,1438,Window election whole security idea should after son.,Low,28/03/2024
566,154,Around billion another avoid.,Medium,23/08/2023
567,1742,Often strategy bag husband either read point.,Medium,06/11/2023
568,2914,Eye push box enough condition machine.,High,30/12/2023
569,2199,Side catch human.,Low,25/10/2023
570,1779,Address report ten respond smile list owner drive.,Low,29/12/2023
571,2919,Everybody already move wonder likely.,High,11/06/2023
572,1202,Today brother spend there.,Medium,06/07/2023
573,540,Decide although rich just able.,High,26/11/2023
574,2155,Attorney shoulder back record main his bit.,Medium,06/08/2023
575,1690,Size black produce business question color.,Low,10/02/2024
576,1940,Involve team data produce bit.,Medium,29/02/2024
577,31,Chance stay listen.,Medium,06/07/2023
578,2150,Strategy offer kitchen high anyone describe important with.,Low,20/11/2023
579,1885,Win scene degree finally or simply clearly.,High,22/11/2023
580,2434,Wife building both heart any win actually nice.,High,11/10/2023
581,333,Source management culture theory fine environmental image.,Medium,16/05/2023
582,1500,Shake discover white sport coach throw.,Medium,26/02/2024
583,807,Threat environmental rule area line.,Medium,02/06/2023
584,2992,Wear federal which economy radio group.,Low,23/08/2023
585,498,Quickly option necessary media fast.,Low,10/10/2023
586,451,Degree option fact network.,Medium,01/11/2023
587,773,Country language might other fear much red assume.,Low,04/11/2023
588,835,Price visit party themselves once loss.,Low,08/10/2023
589,2153,Foot particular offer least happy.,Medium,19/04/2024
590,1406,Series hit different that treatment care.,Medium,11/01/2024
591,1548,Never those our land property.,Low,05/11/2023
592,696,Certainly service business none.,Medium,03/05/2023
593,1144,Bit catch despite green community my child.,High,12/04/2024
594,1942,Model suddenly join east.,Medium,28/04/2023
595,2943,Culture truth dream it speak realize.,Medium,21/05/2023
596,1137,Wide career staff value enough so win single.,High,14/02/2024
597,1710,Figure goal player.,High,22/11/2023
598,1589,Picture drop direction teach sign defense necessary.,Medium,04/07/2023
599,1864,Argue writer team professional property.,Medium,18/06/2023
600,2249,By hit feel difficult.,High,07/03/2024
601,676,Short husband peace measure medical something past appear.,Low,14/03/2024
602,1318,Although left school form type police same.,High,03/04/2024
603,2557,Go over television hit budget his a cover.,Medium,09/07/2023
604,1098,Mention believe it person near.,Medium,01/05/2023
605,2469,Everybody politics set station.,High,02/01/2024
606,2840,Certainly officer Congress marriage cultural market.,Low,06/05/2023
607,429,Number simple say although.,High,05/12/2023
608,1448,Boy son financial factor.,Low,16/06/2023
609,1186,If medical stuff defense guess agency.,Low,21/02/2024
610,217,Fish memory natural.,Low,30/06/2023
611,999,Whose herself budget society.,High,01/09/2023
612,2521,Subject white particular note similar science must.,Medium,14/08/2023
613,1665,Less ever language strategy trouble.,Low,15/04/2024
614,206,Herself if fish nor start option.,Medium,24/01/2024
615,2976,Team alone summer send.,Medium,24/05/2023
616,647,Just trouble life political whatever.,High,12/12/2023
617,2678,About require allow really.,Low,18/02/2024
618,2268,Cut million you two design father imagine inside.,Low,15/09/2023
619,1867,Together detail rule late what listen difficult.,High,13/12/2023
620,2561,Run bag morning community.,Medium,06/06/2023
621,2552,Kitchen special hard.,High,29/02/2024
622,883,Style deal authority why always now.,Low,22/01/2024
623,1097,Out need my site high mention different.,Medium,04/10/2023
624,2226,Indicate up hard hot cup quality.,Low,07/05/2023
625,637,Project despite sort change morning allow.,High,18/11/2023
626,392,Forget night believe girl increase.,Medium,09/10/2023
627,343,Nature race camera only month no.,Medium,23/10/2023
628,559,Stock program country serious.,High,03/10/2023
629,2527,Produce some tax start would word adult.,Medium,09/07/2023
630,226,Trial worker culture sort certainly.,Low,05/02/2024
631,1514,Others soon property everyone amount society.,Low,27/03/2024
632,231,Act heavy church soon.,Medium,24/07/2023
633,59,According around fact writer benefit increase.,Medium,13/11/2023
634,2156,Until record significant him issue plant.,High,30/11/2023
635,1102,Amount care sit within word.,Medium,13/02/2024
636,2575,National increase example choice candidate particular agency mind.,Low,13/03/2024
637,403,Could drug itself.,High,14/10/2023
638,2130,Someone computer child especially eight church successful.,High,01/08/2023
639,1775,Science arm walk.,High,31/12/2023
640,2665,Wear stop success chance.,Low,28/10/2023
641,2707,Director allow win book door.,Medium,01/08/2023
642,421,Series bring prevent day.,Low,26/09/2023
643,1856,Care represent activity candidate.,Low,03/09/2023
644,2931,Attack there opportunity television human mouth successful.,Medium,27/03/2024
645,2496,Arm poor particular use foot contain daughter.,Low,13/08/2023
646,925,Memory she address man walk.,High,15/01/2024
647,1752,Because data anyone outside close your often.,Medium,17/12/2023
648,2491,Somebody quality table woman.,Medium,02/09/2023
649,652,Institution some information yourself unit.,High,13/01/2024
650,644,Sense commercial present deep.,High,12/09/2023
651,2616,Such but half group stand major first.,High,25/11/2023
652,337,Area candidate require case former.,Low,16/07/2023
653,1234,Peace let grow.,Low,13/06/2023
654,1923,Pm argue physical beautiful upon.,Medium,19/08/2023
655,2747,Make environmental no ago writer.,High,18/03/2024
656,1726,Recently attention society ground.,Medium,03/04/2024
657,1264,Reflect difficult me pretty.,Low,14/04/2024
658,2716,Down manage her stuff listen church.,Medium,29/12/2023
659,1997,Opportunity sound war hope good.,Low,13/04/2024
660,600,Image low discover three radio use.,Medium,26/05/2023
661,18,We challenge pretty drug relationship.,Medium,16/01/2024
662,479,Street next success allow rise.,High,01/07/2023
663,715,American present them deal.,Low,03/11/2023
664,55,At sea represent.,Low,16/12/2023
665,463,Statement six value market.,High,24/01/2024
666,2293,Possible authority center mind.,Medium,17/08/2023
667,813,Lay participant rock production deal.,Medium,10/12/2023
668,634,Second dream past.,High,25/09/2023
669,49,Leg real wear service good.,Medium,06/06/2023
670,94,Pick professor hair town paper.,High,16/03/2024
671,85,Past behavior lose main.,High,09/07/2023
672,2451,Want statement travel.,High,13/07/2023
673,2236,Fast window heart play section score.,Medium,23/03/2024
674,1545,Process best according everyone one defense instead.,Medium,03/02/2024
675,1562,Last strong officer.,Medium,19/11/2023
676,836,Light nor forget cut couple physical better.,Medium,10/08/2023
677,1003,Language goal such smile officer.,Low,07/06/2023
678,2325,Art ask collection radio tonight whether national.,Medium,08/11/2023
679,1340,With knowledge meet any worker.,Low,06/08/2023
680,256,Century seven garden attention discuss another dinner us.,High,28/07/2023
681,857,Reach fear effort Congress.,Low,12/09/2023
682,1372,Billion series democratic manage role finish event.,Low,27/02/2024
683,2105,Represent none mouth type one truth.,Low,04/11/2023
684,1888,Address rule only.,Medium,08/06/2023
685,2273,Society note himself suffer ok area.,Medium,25/03/2024
686,233,First find wear role husband reflect former.,High,08/03/2024
687,954,This common drive.,Medium,25/06/2023
688,215,Through collection or however red.,High,18/09/2023
689,746,Class of finally bed either provide.,Low,30/10/2023
690,585,Project stand great nice fear.,Medium,25/05/2023
691,2195,Fish experience main throw phone behind character.,Low,16/05/2023
692,483,Watch go shake.,High,04/06/2023
693,2388,Establish hour positive time Democrat.,Low,30/04/2023
694,2678,Likely tonight finish ok although.,Low,07/05/2023
695,790,Middle score lose individual.,Low,15/10/2023
696,1016,Total among enjoy might turn.,Low,28/08/2023
697,736,Amount good certain impact receive.,Medium,05/08/2023
698,2796,Executive news speech in quickly fine.,High,26/10/2023
699,607,Look goal act cut pattern.,High,05/06/2023
700,872,Along from gas.,Low,12/06/2023
701,2089,Huge recognize ago where according.,Low,27/02/2024
702,2999,Tax large around phone reach cell all.,High,25/01/2024
703,2796,Sometimes event phone fine figure art.,High,16/10/2023
704,231,Seven stay course position imagine society hard.,Medium,17/12/2023
705,2171,Car election return six drive human billion everything.,High,31/07/2023
706,2214,Herself degree right something election million strong.,Medium,28/06/2023
707,713,Herself apply soldier agree account decade audience.,Medium,28/07/2023
708,915,Process oil per work.,Medium,29/06/2023
709,2838,Easy more sure away talk mission own.,Medium,08/08/2023
710,1643,Age bit tell later unit deal social seek.,Medium,13/09/2023
711,1648,Bag instead either staff generation three raise option.,Medium,26/12/2023
712,804,Family pattern above.,Medium,20/09/2023
713,1136,Fall down around chair.,High,25/12/2023
714,667,Develop her common story college Mr.,High,26/09/2023
715,776,Real half of artist remain like position.,Low,14/03/2024
716,115,Set traditional important kind force likely.,Low,20/06/2023
717,41,Charge treatment hold history thousand.,High,02/06/2023
718,1223,Indicate though network total.,Medium,14/10/2023
719,2100,Take woman my manage specific.,Medium,03/02/2024
720,426,Hit nearly clear development.,High,06/11/2023
721,39,Culture stock the great.,High,02/09/2023
722,2276,Thought figure weight off.,Low,13/10/2023
723,1243,Population wonder current sense north talk above apply.,Medium,21/06/2023
724,1564,Hard here career size.,Low,22/05/2023
725,622,Dark brother already effort activity others understand.,Low,01/08/2023
726,2612,American mention step animal easy spend budget box.,Low,27/01/2024
727,2302,Structure political life.,Low,29/01/2024
728,226,Hour art hundred dark though course war sister.,Medium,01/04/2024
729,2940,Nearly ago drive admit security our.,High,12/09/2023
730,594,Require character feeling society likely.,Medium,09/10/2023
731,1923,Before ability population professor.,Medium,03/05/2023
732,2482,Staff wife despite give.,Low,18/12/2023
733,1683,Stay by peace knowledge.,Low,23/05/2023
734,2900,Direction effect really while training beat.,Low,17/03/2024
735,2885,Condition entire arrive may number officer need.,Medium,21/09/2023
736,321,Free short Mr walk drug court ahead guy.,High,05/11/2023
737,2850,Mouth college fact.,High,03/06/2023
738,2186,Sing traditional politics voice east long stock seek.,Medium,16/02/2024
739,2682,Special can administration difference main draw serve.,High,24/01/2024
740,482,Player natural sure step arrive animal crime.,Low,21/04/2024
741,1660,Mother house generation guy bag probably.,Medium,30/12/2023
742,1486,However food represent.,Medium,03/03/2024
743,2336,Against report Republican certain draw red.,Medium,03/06/2023
744,1046,Child executive born ready summer.,Medium,20/05/2023
745,486,Fund fly important lose scene deal.,High,07/07/2023
746,2046,News act already itself pay behind production.,Medium,25/01/2024
747,2926,Whatever even culture us response example generation.,High,29/09/2023
748,146,Another pretty interest.,Low,16/07/2023
749,1882,Performance story ok wrong yourself page number live.,Low,28/08/2023
750,2568,Gas there along wind power interesting way.,High,16/06/2023
751,1710,Team second body low likely economic present.,Medium,23/12/2023
752,159,Measure again draw design cultural.,High,21/12/2023
753,2339,Raise exist city group set life ever world.,Low,09/09/2023
754,996,Produce the store might.,Low,22/11/2023
755,1967,Notice like instead field.,Low,09/11/2023
756,808,Finally take mind past heart.,Medium,25/05/2023
757,1547,Letter only hair pass instead body want.,High,17/12/2023
758,1469,Growth billion data media.,Medium,12/11/2023
759,1704,Because order age light approach consumer statement.,High,10/12/2023
760,201,Child myself great industry.,High,19/01/2024
761,2622,Response present source military thought attention wrong.,Low,12/04/2024
762,1827,Near general despite south cultural second throw national.,High,25/03/2024
763,795,Drive fear why huge.,Medium,27/12/2023
764,1760,Claim bank after thousand member minute town teacher.,Medium,17/01/2024
765,1248,Finish policy understand hundred place part.,Low,28/11/2023
766,1169,Brother second design brother next.,Medium,16/05/2023
767,1127,Politics article material cause.,Low,25/10/2023
768,2647,Political party base admit international there.,Medium,13/03/2024
769,1413,Reflect gun issue always voice look per.,Medium,22/09/2023
770,1213,Write or despite a music design.,High,10/04/2024
771,1882,Edge indeed memory stuff bring team first art.,High,07/01/2024
772,2981,Foreign maintain station church summer.,Medium,10/02/2024
773,933,Major current both school.,Medium,15/04/2024
774,1519,Ahead soon data someone none suffer.,Low,15/05/2023
775,1064,Over many how factor majority along recognize.,Low,30/10/2023
776,2973,Either two behavior.,Medium,08/10/2023
777,1884,Similar few there.,High,05/11/2023
778,2096,Win size loss state participant strong.,High,25/10/2023
779,893,Never safe be and.,Low,01/06/2023
780,2411,Hotel involve admit.,High,11/04/2024
781,1840,Shoulder fast southern thank company even citizen.,Low,20/02/2024
782,1491,Budget she policy easy American.,High,12/09/2023
783,2713,With next north.,High,12/06/2023
784,2543,Range medical raise seat visit.,Low,12/10/2023
785,2309,Watch thousand listen.,Low,17/09/2023
786,57,At throw share run determine end.,High,19/12/2023
787,656,As act article example.,Low,08/10/2023
788,1076,Factor choice like success.,Medium,26/04/2024
789,2456,Surface each follow size age.,Low,15/10/2023
790,1841,Focus available religious thousand five.,High,21/04/2024
791,2130,Police teacher author man.,High,04/03/2024
792,352,Message chance decision sense reality successful.,Low,02/06/2023
793,1905,Gun specific administration dream break exactly air.,Low,07/08/2023
794,654,Feeling growth their let still deal week behavior.,High,02/11/2023
795,2757,Act watch part modern interview life.,Low,22/08/2023
796,1768,Worry cost teacher single.,Medium,12/12/2023
797,528,Sport seek bad window increase dog age.,High,17/07/2023
798,2847,Feeling open affect poor anyone seat.,High,05/05/2023
799,2358,Democrat yes less leader of well.,Medium,24/12/2023
800,1934,Own receive month your among bring.,Medium,16/11/2023
801,2105,Agency today however kind air send wear impact.,High,17/11/2023
802,349,Example throughout reflect.,High,17/09/2023
803,1023,Pretty color animal write girl whom year.,Medium,23/11/2023
804,2988,Mention knowledge consumer yourself keep more.,High,30/06/2023
805,2122,West keep team election.,Medium,09/06/2023
806,2247,Quite growth high their state.,Low,09/07/2023
807,863,Policy parent little likely.,Low,22/09/2023
808,1489,Type might room stand.,Medium,17/09/2023
809,1764,Never main night the career.,Medium,16/08/2023
810,2528,By couple modern nation.,Low,10/09/2023
811,1877,Drive rather too industry.,High,14/01/2024
812,2592,Employee me low.,High,13/03/2024
813,862,Matter which situation smile carry.,Low,11/08/2023
814,494,Keep hospital fight appear.,High,08/10/2023
815,2870,Require remember area.,High,04/12/2023
816,135,Understand act ahead that school ability candidate.,Medium,02/07/2023
817,1867,Serious wait write almost.,Medium,19/10/2023
818,2158,Necessary amount finish foot that store campaign third.,Medium,12/07/2023
819,2867,Process place president big police question.,Low,08/05/2023
820,2751,Media more some here sometimes better word.,High,16/11/2023
821,1055,Hair notice recognize authority east.,Medium,02/08/2023
822,2962,Tend film nation reality national.,Low,20/11/2023
823,2358,Marriage painting fire this.,Medium,23/08/2023
824,525,Foot lawyer pay.,High,02/10/2023
825,2606,Half hospital enter task data while successful.,Low,21/10/2023
826,1537,Structure environmental husband feel national evidence peace evidence.,High,12/07/2023
827,1827,Last future situation mother agree try strong job.,Medium,04/08/2023
828,2878,Bank establish eight prepare state.,Low,09/01/2024
829,2096,Seven minute statement sometimes.,High,09/02/2024
830,2590,East response hear trial begin report grow board.,Low,26/11/2023
831,1869,Wife beat oil claim important.,High,24/11/2023
832,2607,Type throw stop sing.,Medium,16/12/2023
833,1506,Character media worry child six event light state.,Medium,19/03/2024
834,1210,All wind coach level sister.,Low,23/06/2023
835,2273,Military various important future yard response information.,Medium,03/06/2023
836,184,Or fill hold couple man beat heavy total.,High,25/01/2024
837,1666,Place same issue result exist say how small.,Medium,29/12/2023
838,1097,Instead yes answer seat along kid.,High,31/12/2023
839,2196,Person rule boy end station race off catch.,High,03/09/2023
840,2905,Leader official popular five week right industry.,Low,06/08/2023
841,2310,Assume while these food.,Medium,26/05/2023
842,1817,Fall major memory chair hundred investment blue easy.,High,30/10/2023
843,2030,Risk modern professor.,High,07/06/2023
844,15,Best catch break source low their our.,Medium,23/02/2024
845,656,Cup fight floor guess save true.,High,21/12/2023
846,1306,Challenge feel institution ground many experience pull.,Medium,26/06/2023
847,680,Lawyer minute somebody social half another agency back.,Low,17/11/2023
848,1256,World get quite federal amount institution cell.,Medium,18/11/2023
849,872,Experience near goal need focus station late.,Medium,09/03/2024
850,1222,Bit forget continue trip fast lose its.,Medium,05/04/2024
851,1949,Offer again pretty join key some prepare management.,Low,23/03/2024
852,2114,Natural report different attack.,Low,18/02/2024
853,1157,Account apply nature.,High,03/03/2024
854,1019,Security network person.,Low,05/01/2024
855,89,Role cultural medical safe daughter grow think couple.,Medium,18/03/2024
856,2831,Order choose mention see top.,High,26/12/2023
857,1577,You left too entire voice prepare note.,Medium,20/08/2023
858,2618,Admit pick pull Democrat expect mean certain.,High,06/06/2023
859,418,Get couple despite artist need light woman.,Medium,01/12/2023
860,1262,Effort visit yeah moment I lose.,High,21/07/2023
861,1611,Fill color cold development.,Medium,16/10/2023
862,442,White sure again on that general best.,Low,02/03/2024
863,711,Take history ball heavy.,High,03/07/2023
864,1675,Drop black official wish before but plant where.,Medium,07/04/2024
865,2330,Public than same set article.,Low,29/11/2023
866,2208,Laugh understand recent travel health.,Medium,10/09/2023
867,2721,Future political source during daughter room.,Low,26/06/2023
868,2648,Customer stand most.,Medium,28/01/2024
869,857,Lose hand kid here live nice.,Medium,16/10/2023
870,176,Soon town number move give.,High,24/09/2023
871,2571,Person beautiful live.,High,28/05/2023
872,1119,During serious central decide think possible.,High,28/03/2024
873,756,Air daughter after in.,High,07/02/2024
874,2041,Value the heart experience reduce.,Medium,19/08/2023
875,1819,From newspaper likely wide test national.,High,03/03/2024
876,1207,Choose anything work result radio friend newspaper.,Low,03/11/2023
877,49,Meet who defense heart kitchen bank central painting.,Medium,11/03/2024
878,380,Program phone she performance very.,High,18/08/2023
879,2665,Any way remember.,Medium,17/03/2024
880,1367,Across newspaper list deep.,Medium,21/07/2023
881,2245,Look risk resource.,Medium,12/11/2023
882,973,Social cultural gun travel fish how note.,Low,12/06/2023
883,2745,Wear beyond store find top.,High,08/08/2023
884,202,Different back voice security.,Low,07/10/2023
885,2566,Suggest brother compare single type nice.,High,14/06/2023
886,1754,Whole who politics join seek economic free.,Medium,24/06/2023
887,2928,Poor effort herself life.,Low,21/03/2024
888,2839,Nearly yourself measure.,Medium,22/04/2024
889,2839,Go meeting economy wear scientist.,Medium,30/09/2023
890,1354,Toward summer tree player.,Low,04/11/2023
891,245,Which friend everything.,Low,27/09/2023
892,1434,Scientist happen huge job involve discussion bring.,Low,27/09/2023
893,2381,Cause feeling method accept listen first significant.,Low,07/08/2023
894,42,Rate mention sometimes policy.,High,16/05/2023
895,948,Adult game event with.,Low,11/12/2023
896,1170,North early themselves option.,Low,12/02/2024
897,1295,Argue former security officer.,Low,26/08/2023
898,470,Create actually poor piece forget.,Medium,20/04/2024
899,1590,They air doctor often.,Low,08/10/2023
900,1058,Night later president by security poor industry bank.,Medium,22/02/2024
901,1738,Still all different able player.,Low,09/11/2023
902,187,Region today successful animal art trade admit.,Low,19/09/2023
903,63,Significant next beautiful most your.,Medium,22/04/2024
904,176,Its should exactly should.,High,12/11/2023
905,929,New north who call provide activity face short.,Medium,22/10/2023
906,2409,Program happy themselves describe store true.,Medium,31/05/2023
907,2229,Live travel difference or measure civil.,High,02/09/2023
908,2578,Maybe middle compare hospital.,High,04/12/2023
909,1045,Address nice or senior plan race everything.,High,27/05/2023
910,493,Build team forget star figure.,High,18/10/2023
911,1117,Something recently live.,High,04/08/2023
912,654,Party benefit board practice sometimes employee will.,Medium,30/06/2023
913,2445,Board beyond pass ability another sister claim.,Medium,19/12/2023
914,2481,Study good walk share modern.,High,06/11/2023
915,2762,Democrat degree response national and second.,Medium,20/03/2024
916,609,Lawyer life hope realize long about before.,Low,24/02/2024
917,1261,His week weight color owner.,High,23/07/2023
918,2659,Hair represent behavior former hotel reveal simple.,High,12/08/2023
919,2709,Reach show identify military.,High,24/08/2023
920,1056,Fire box authority traditional.,Low,28/03/2024
921,1170,Why task he somebody woman theory relate.,High,17/10/2023
922,2116,Or Mr financial pass your.,Low,27/02/2024
923,2350,Road third system research scene.,Low,06/02/2024
924,2263,Someone travel fast it also.,Medium,29/01/2024
925,702,Others stage voice have yard camera.,Low,15/03/2024
926,2301,Billion board condition leg truth.,Medium,04/04/2024
927,1875,Cup finish deal across.,High,10/07/2023
928,2705,According ground law computer agency.,High,07/01/2024
929,2972,Mean perform war.,High,21/02/2024
930,2045,Paper strategy author compare evening.,Low,09/09/2023
931,497,Leave then season why finally.,Medium,23/01/2024
932,549,Out may seek like do cup.,Low,07/02/2024
933,2565,Image herself painting computer home nothing.,Medium,01/08/2023
934,1847,Someone guy pay traditional force.,Low,05/03/2024
935,1772,Second still rule be left.,Low,22/08/2023
936,237,Former teacher describe positive recent sit claim staff.,Low,30/12/2023
937,1198,Few sister son get each.,Medium,22/08/2023
938,1533,Class issue market us agency main strategy.,Low,23/05/2023
939,1491,Create floor computer mission indeed drop.,Medium,18/11/2023
940,2449,Paper PM feel worker send save first.,High,13/04/2024
941,2801,Speak share important somebody increase.,Low,11/02/2024
942,2763,Threat prepare artist land already meeting.,Medium,24/08/2023
943,838,Half benefit cause arrive mention.,High,14/02/2024
944,96,Produce exist age simply along same able.,Medium,05/05/2023
945,1994,Conference first involve part grow idea cover right.,Low,27/10/2023
946,844,Leader maintain success buy sign.,Low,24/01/2024
947,2317,Company seat poor woman fill long.,Medium,10/01/2024
948,1296,Couple hand maintain skin unit.,Low,09/11/2023
949,1585,Improve defense our participant staff position.,High,31/08/2023
950,1445,About senior lawyer question show.,Low,14/03/2024
951,238,Seat late claim information write with.,Medium,02/07/2023
952,1892,Want about individual ok simply court.,Medium,20/07/2023
953,38,Able public public then red.,Medium,26/04/2024
954,1028,Senior act sometimes customer a.,High,28/06/2023
955,1203,List half plan main front.,High,20/05/2023
956,2335,Expect realize speech notice exist.,High,09/02/2024
957,305,Second million impact eight.,High,23/02/2024
958,105,Food ability medical else behind line.,High,03/04/2024
959,40,Scientist seat seek bill option.,Medium,05/09/2023
960,1775,Weight go result then network.,Low,19/09/2023
961,1356,Born these defense.,Medium,18/12/2023
962,612,Then raise likely turn chair care.,Low,12/11/2023
963,2940,Prevent shake determine shoulder factor.,High,30/09/2023
964,1160,Century television through politics.,Medium,27/11/2023
965,1921,Left rule democratic culture only teacher letter.,Medium,23/10/2023
966,591,Prevent production join probably box everything.,High,03/09/2023
967,2416,Watch executive all painting run effect always.,Low,16/11/2023
968,2924,Raise model blood sign.,High,29/08/2023
969,1860,While west seven open.,Low,25/01/2024
970,1887,Have lawyer themselves somebody reveal spend society lose.,Medium,05/10/2023
971,2837,Herself single goal something record who.,Medium,21/10/2023
972,889,Actually talk because we decade bag.,Low,22/03/2024
973,1231,All team trial own single commercial throw any.,High,05/07/2023
974,848,Resource me finally evidence science.,Low,15/07/2023
975,1168,Something nature hot arm way age.,Medium,31/03/2024
976,465,Position go way list.,Low,19/04/2024
977,61,Him record nation instead environment.,High,16/02/2024
978,821,Garden past drive success research edge must.,Medium,03/04/2024
979,2008,Sure article near likely he standard report.,Low,13/11/2023
980,372,Off agency approach since stock song risk.,High,14/10/2023
981,1347,Mrs pick model activity culture.,Medium,09/02/2024
982,2091,Left common apply moment small if wonder forward.,High,22/10/2023
983,2930,Style student story.,Low,12/04/2024
984,2141,Color deep support peace forward seek treatment.,High,01/01/2024
985,1234,Manager movie just adult.,Low,10/06/2023
986,884,Note against yet measure up lead issue.,High,11/01/2024
987,1006,May each success create student deep.,High,04/12/2023
988,282,Agreement one enjoy receive air as we.,Low,16/10/2023
989,789,Certain stop team perform.,Medium,20/02/2024
990,1172,Thus money people team.,High,16/01/2024
991,1697,Concern name purpose same main.,Low,03/01/2024
992,1627,Success us candidate general whether.,High,01/06/2023
993,1371,Just likely condition power particular economy.,Low,27/11/2023
994,2030,Window free you.,High,16/07/2023
995,1115,Base difficult item difficult over.,Low,13/04/2024
996,437,Weight recent decade everybody listen class sea.,Low,04/10/2023
997,2058,Generation kind without success part send five.,Medium,22/07/2023
998,2521,Left take fight know officer past.,High,05/05/2023
999,257,Fund could field art bar big.,Medium,12/02/2024
