PartID,PartName,ModelID,Price,Supplier
1,while,148,896,Gonzalez PLC
2,prove,54,1339,"Green, Arias and Thompson"
3,gas,1960,4348,Hood and Sons
4,vote,2292,177,Cuevas-Johnson
5,civil,1322,4383,Garza LLC
6,American,1955,425,Barnett-Brown
7,fish,2573,4752,Nelson-Johnson
8,her,1755,2035,"Smith, Green and Price"
9,with,1875,883,Lee-Brown
10,since,644,462,"Pham, Tran and Ali"
11,pass,579,292,"Lopez, Perez and Montoya"
12,space,1469,236,"Moore, Bailey and Johnston"
13,power,931,1092,"Molina, Simpson and Pearson"
14,three,1096,4901,"Cortez, Lindsey and Wright"
15,against,2786,2994,Johnson-Brown
16,wide,985,3861,Johnson-Jenkins
17,go,2446,1716,Washington Inc
18,new,530,3515,Boone Ltd
19,movie,1796,3139,Murphy-Floyd
20,major,1288,2999,"Duncan, Ramirez and Rodriguez"
21,image,940,3303,Cobb Ltd
22,time,2890,1374,Young PLC
23,become,2359,1221,"Harris, Miller and James"
24,work,1650,1927,"Warren, Young and Ray"
25,beautiful,1147,694,Jones Inc
26,travel,2877,4733,Stewart LLC
27,indeed,432,1063,Collins-Rodriguez
28,little,622,2323,Jackson LLC
29,able,2102,979,Nguyen-Martinez
30,different,631,2023,Stephenson-Miller
31,third,467,2499,"Williams, Alvarez and Gallegos"
32,skill,1419,3140,Berry-Butler
33,direction,2619,2093,Williams-Stewart
34,history,2440,1536,Smith-King
35,visit,1848,540,Lopez-Parker
36,identify,2716,1006,"Garner, Beard and Morris"
37,live,1886,2302,Rojas-Benton
38,dog,2037,547,"Barry, Mack and Wallace"
39,raise,8,281,Bridges LLC
40,economic,1247,3762,"Casey, Keith and Chen"
41,accept,485,3809,Perry-Forbes
42,western,6,1887,Harmon-Peterson
43,but,1949,336,Escobar-Navarro
44,call,2256,1933,Lowe and Sons
45,move,2572,3457,Singh-Watson
46,build,1639,4427,"Martin, Barnes and Mann"
47,area,1542,972,"Campos, Smith and Peters"
48,fish,85,4438,Dunlap-Page
49,front,2707,2690,"Erickson, Hernandez and Baker"
50,turn,366,4961,"Payne, Smith and Walters"
51,market,1718,457,"Sanders, Montgomery and Reed"
52,event,1136,1619,"Stevens, Duarte and Dillon"
53,position,852,4970,"Little, Gallegos and Anderson"
54,hope,1643,572,Rodriguez Ltd
55,sort,407,407,"Jackson, Gomez and Sanchez"
56,certain,1134,2168,Ramirez Group
57,enough,1742,3662,Stevens LLC
58,music,1330,246,Hernandez-Smith
59,suddenly,1224,2583,Thompson-Davis
60,spring,2297,3464,Crosby Ltd
61,drug,2651,2991,Young-Williamson
62,while,175,3182,Stewart-Nunez
63,before,2464,1713,Thomas-Snow
64,effect,1783,384,Ward PLC
65,fast,939,2931,Parker and Sons
66,six,1328,286,Acosta PLC
67,mother,2112,3315,Chung PLC
68,catch,148,2933,Parrish-Rivera
69,best,2892,4537,Bailey-Fisher
70,wall,667,1224,Larson-King
71,represent,2974,2894,Parker and Sons
72,employee,374,2544,Davis-Martin
73,position,975,718,Oneal LLC
74,pay,339,3237,Jackson Group
75,anyone,2952,980,Palmer Group
76,fast,2889,2490,Dixon Inc
77,stage,1376,1724,Johnson PLC
78,future,1656,515,"Moreno, Weeks and Potts"
79,simply,1483,3554,Robles PLC
80,whole,2661,3714,Deleon-Wilson
81,stock,1026,3142,"Friedman, Alvarado and Ramos"
82,lead,2267,631,"Wilkerson, Hays and Cook"
83,around,2402,2348,Martinez and Sons
84,capital,2415,868,Stevenson-Hughes
85,investment,2515,778,Olson Ltd
86,leave,884,2607,Conway and Sons
87,front,2736,3313,"Tucker, Oliver and Smith"
88,position,2954,2230,"Anderson, Williams and Anderson"
89,site,2887,2035,Casey-Gardner
90,appear,722,1509,Wilson-Bonilla
91,another,535,439,Miller-Smith
92,continue,1648,3066,Peterson-Williams
93,against,1384,2082,Sanchez Ltd
94,scientist,1616,4877,"Rosales, Shannon and Rodriguez"
95,treat,2952,1888,"Wyatt, Davidson and Perkins"
96,should,1405,3419,Jones-Page
97,walk,1995,1486,Johnson-Mcdaniel
98,management,354,1627,Roberts-Castillo
99,various,2603,3659,Williams-Murphy
100,high,2667,4370,Wilson and Sons
101,fish,1305,3348,"Williams, Reed and Perez"
102,argue,130,258,"Robinson, Parks and Howard"
103,military,1628,1713,"Wilson, Jackson and Martin"
104,herself,1164,4242,"Jones, Young and Todd"
105,type,1037,1693,Sampson Inc
106,artist,34,4527,Morgan and Sons
107,front,2618,3933,Hodge Ltd
108,money,1530,2292,Moore-Perez
109,live,1659,4088,Howard-Smith
110,protect,1134,355,Knight and Sons
111,traditional,2239,1673,Bauer-Woods
112,safe,1263,3309,Arroyo-Thompson
113,everything,1956,413,Mcdonald Group
114,blue,2091,2559,Morrison-Smith
115,center,9,2347,Wolf-Lewis
116,administration,1883,4361,Mann Ltd
117,message,200,3583,Nunez and Sons
118,or,1457,387,Campbell PLC
119,his,1015,4708,Holder-Fisher
120,yeah,1488,1199,"Henry, Bennett and Potts"
121,model,231,3194,"Solomon, Stewart and Pennington"
122,look,1930,2665,Marquez-Smith
123,charge,1168,3704,Jefferson-Rodgers
124,need,2020,3277,Phillips-Hayes
125,group,223,2576,Collins-Pugh
126,response,1506,3446,"Sanchez, Wang and Davis"
127,relationship,2857,2554,Gonzalez Ltd
128,term,1483,2517,Allen and Sons
129,catch,1037,2178,Roberts Ltd
130,and,2966,4222,"Moore, Lara and Mercer"
131,team,100,2421,Ramirez-Brown
132,follow,2636,1607,Mcgee-Huerta
133,suddenly,736,832,Soto Inc
134,black,949,1210,"Harrington, Barnett and Boyd"
135,particularly,639,1091,"Phillips, Collins and Lowery"
136,choice,2730,190,"Williamson, Barnes and May"
137,she,453,3095,Fuentes PLC
138,good,1000,4022,Potts-Frazier
139,it,2291,2305,Ryan and Sons
140,under,1457,3959,"Brown, Mejia and Johnson"
141,yes,487,1070,Sims-Hoover
142,fill,659,751,Peterson-Coleman
143,movement,1024,490,Johnson Ltd
144,later,274,2659,"Evans, Cruz and Fowler"
145,they,2671,2490,Zimmerman Inc
146,see,1434,2796,Garrett Group
147,parent,1483,4926,Crawford and Sons
148,still,1255,2233,Bonilla-King
149,lawyer,766,332,Andrews LLC
150,real,1616,940,Kaufman PLC
151,dinner,1554,1952,Horn-Hampton
152,purpose,2079,425,"Meyers, Collins and Austin"
153,car,1766,1578,Gomez LLC
154,building,1823,2667,Estrada Group
155,season,665,1817,Snyder Group
156,account,2685,2260,"Allen, Cook and Wright"
157,keep,2809,595,Hogan-Watson
158,fine,1542,1832,Thomas-Ortiz
159,outside,2449,1097,Bryant-Smith
160,cell,2779,1587,Valdez Inc
161,which,1537,119,Trujillo Group
162,some,1745,3204,Thompson LLC
163,provide,646,3410,"Walsh, Brown and Baker"
164,oil,2058,4816,"Jimenez, Garcia and Griffith"
165,forward,2433,3684,Duke-Archer
166,others,697,1819,Newton-Clark
167,interesting,579,2375,Palmer-Pittman
168,before,1256,3329,"Fuller, Jones and Smith"
169,here,377,3279,Cruz-Novak
170,direction,1774,3475,Byrd-Reeves
171,program,2810,4056,"Burton, Lambert and Hernandez"
172,will,677,778,Valenzuela-Myers
173,capital,1964,1484,Ramirez PLC
174,national,1580,3161,Delgado and Sons
175,result,2900,4016,Edwards and Sons
176,explain,2927,952,Freeman Group
177,even,568,2285,Anderson-French
178,control,943,2637,"Stevens, Horne and Heath"
179,give,1935,4991,Hicks LLC
180,say,1550,740,Jackson-Chapman
181,technology,2749,429,"Caldwell, Rodriguez and Cohen"
182,detail,1432,1343,Butler and Sons
183,inside,2482,1073,Peterson Ltd
184,front,1399,3059,"Hanson, Hendricks and Gregory"
185,protect,405,673,Lee-Cooper
186,itself,2651,4551,Fisher Group
187,since,2713,109,"Mills, Austin and Gray"
188,writer,1881,3114,"Hubbard, Taylor and Jacobs"
189,itself,2443,3399,"Garcia, Mitchell and Kennedy"
190,perform,2886,4984,Patterson-Howard
191,require,1551,876,Vang Inc
192,reality,2598,3973,"Wilson, Flores and Garcia"
193,hair,1215,1627,Lopez-Anderson
194,sure,2101,3600,Bowen Group
195,position,2368,4367,Mcknight-Paul
196,month,501,1230,Kelly Inc
197,success,1097,2112,Lambert-Sherman
198,popular,2895,2227,Hill-Jordan
199,growth,2542,1645,Braun Group
200,pick,2365,4662,"Petersen, Edwards and Taylor"
201,accept,1657,2868,Fleming-Williams
202,exist,2248,4143,"Robinson, Montgomery and Barber"
203,describe,2680,3190,Cruz-Davis
204,film,1995,2234,Robertson and Sons
205,thus,2160,1520,Cole Inc
206,treatment,2311,3674,Henderson Inc
207,official,2102,615,"Zimmerman, Bartlett and Lawson"
208,red,754,2572,Russell and Sons
209,now,880,3959,"Powell, Rivera and Wilson"
210,morning,2348,3136,Lawrence Ltd
211,every,1345,3497,Williams Inc
212,poor,2350,1537,Johnson Ltd
213,especially,2745,2954,Rich PLC
214,general,1806,2695,Sims-Harris
215,moment,657,2506,"Cobb, Kent and Francis"
216,process,2675,484,Guerra-Bonilla
217,my,1770,724,"Cross, Coleman and Thomas"
218,reality,1385,4753,Sharp-King
219,could,2693,641,"Williams, Ray and Perez"
220,enjoy,610,2541,Coffey-Francis
221,concern,558,3990,"Hernandez, Morales and Cortez"
222,military,2098,192,Benton LLC
223,occur,111,4993,Flores-Hunt
224,seat,1964,184,Hernandez-Miller
225,possible,1494,795,"Sharp, Thomas and Ford"
226,morning,1684,938,"Williams, Baker and Cook"
227,yourself,2809,4455,Norris Inc
228,doctor,1595,4477,Bass-Collins
229,natural,2434,3759,"Anderson, Kane and Perez"
230,trial,898,1259,"Cooper, Lynch and Hunter"
231,test,1905,1946,Figueroa Group
232,why,2184,2818,Gonzalez LLC
233,able,1312,3377,Villa Ltd
234,deal,398,177,Thompson-Peck
235,else,1138,941,Jimenez-Murphy
236,buy,1690,1329,"Brown, Bishop and Garcia"
237,traditional,2035,4883,Edwards-Mitchell
238,rest,256,4898,Higgins-Garcia
239,news,1655,4835,"Gonzalez, Fowler and Rodriguez"
240,military,2531,1990,Cox Inc
241,yet,2379,1266,Brown-Smith
242,current,1885,859,"Delgado, Allen and Mccullough"
243,ability,2918,1236,Jones and Sons
244,century,179,2365,Robinson Inc
245,discussion,2832,375,"Oconnor, Palmer and Hunt"
246,standard,1898,4283,"Byrd, Stephenson and Brooks"
247,result,1438,736,Munoz and Sons
248,charge,490,1883,"Bennett, Miranda and Montes"
249,gun,2881,3328,Guerra and Sons
250,might,2993,3919,Gomez Inc
251,environment,2959,4276,"Johnson, Martinez and Ellis"
252,nice,1864,3236,"Cole, Glass and Coleman"
253,draw,2942,4079,Lewis-Holmes
254,size,909,4181,"Hunt, Garcia and Allen"
255,stay,2488,786,Phillips PLC
256,some,1754,1641,Perez PLC
257,course,880,856,Medina LLC
258,page,464,2747,"Medina, Mckee and Strong"
259,institution,604,4228,White Group
260,cost,20,1524,Barnett-Boyd
261,key,538,2208,Smith-Ellis
262,soldier,1744,1850,Young-Mcknight
263,turn,278,2648,Moore-Graves
264,their,2465,2860,"Freeman, Ramirez and Snyder"
265,again,550,3012,Davis-Martinez
266,pressure,2074,4196,Hendrix-Reyes
267,population,2207,1498,Carlson-Miranda
268,want,205,3687,"West, Lindsey and Strickland"
269,see,2909,3258,Massey Ltd
270,finally,1017,629,"Stokes, Washington and Rosario"
271,international,1589,1428,"Olson, Jones and Hopkins"
272,trade,355,2791,Wilson-Lin
273,own,2266,4312,Henry and Sons
274,trip,725,4631,Underwood PLC
275,beat,822,778,Molina PLC
276,project,1755,2277,Parks-Cooper
277,cut,316,1759,"Morrison, Walker and Simmons"
278,table,2386,3071,"Villa, Castillo and Bolton"
279,wind,2860,3909,"Lee, Herrera and Mcmillan"
280,stand,2320,1526,"Martin, Joyce and Benton"
281,oil,340,1385,Sexton Inc
282,develop,1864,518,Patel-Schaefer
283,indicate,1278,1772,"Caldwell, Kirk and Pierce"
284,stop,876,3739,Carpenter Group
285,war,1052,3318,Mcknight-Becker
286,share,587,2821,Christensen-Schaefer
287,fact,28,2535,"Moreno, Moore and Long"
288,sound,832,4702,Riddle-Vance
289,leave,2334,4854,Wright Ltd
290,type,184,3937,"Browning, Alvarez and Fletcher"
291,tell,2547,1557,Nguyen LLC
292,both,2610,1021,"Rogers, Medina and Kline"
293,shoulder,2483,2436,Stafford-Norman
294,affect,159,1374,Ferrell-Silva
295,one,1244,3409,Taylor-Davis
296,entire,2574,3767,Mitchell-Doyle
297,shoulder,1295,3819,Gray-Hamilton
298,rule,393,624,Williams Inc
299,yard,2516,2483,Daniels Group
300,book,255,1937,"Watson, Lang and Miller"
301,movie,2676,4484,Blake Inc
302,himself,983,4294,Hernandez-Franklin
303,foot,1985,3203,"Taylor, Wallace and Hayes"
304,night,1168,3717,"Ball, Moyer and Morgan"
305,about,595,1267,Miller and Sons
306,member,1003,4726,Johnson-Mann
307,history,2546,3392,Cain-Vasquez
308,reflect,1088,4374,Vazquez and Sons
309,party,2459,651,Rose-Rich
310,great,63,4939,Dougherty PLC
311,report,1166,4687,"Watson, Bowen and Clarke"
312,theory,808,4573,Lucas Group
313,yard,556,4467,"Valentine, Oneill and Walters"
314,poor,1500,1454,"Johnson, Hanna and Ramirez"
315,relationship,718,710,Rodriguez Inc
316,after,126,1059,"Berger, Rivera and Fields"
317,here,1826,124,Cameron Ltd
318,artist,206,2040,Banks PLC
319,read,388,1592,Joyce-Perkins
320,nation,1102,3598,Smith and Sons
321,effect,1266,486,White and Sons
322,leave,649,3448,Solis Group
323,moment,1413,2486,"Barnett, Sellers and Sanders"
324,door,2245,740,Carroll-Lopez
325,hold,768,4897,Mitchell-Douglas
326,policy,1905,1277,"Cantrell, Mcneil and Brown"
327,fear,257,604,Higgins-Banks
328,new,2448,3036,Green LLC
329,skin,2873,137,Pruitt LLC
330,today,207,1098,Gentry-Wilkinson
331,respond,1581,2665,Ferrell Inc
332,week,712,4471,Ortiz-Lowe
333,rise,370,4615,"Potter, Ferrell and Duncan"
334,chance,2945,1141,Morris Inc
335,raise,719,2698,"Mitchell, Newman and Hicks"
336,country,522,1475,Adams Ltd
337,edge,1588,3539,Stanley PLC
338,security,546,4608,Garcia-Jones
339,federal,2691,1161,"Ortiz, Crane and French"
340,participant,1833,2736,"Miller, Alexander and Conway"
341,pretty,1950,3029,"Moore, Oliver and Henderson"
342,lose,1155,3239,Lee PLC
343,need,2066,2004,"Wright, Johnson and Barajas"
344,beyond,117,3055,"George, Bailey and Terry"
345,last,2795,4321,Davis-Pennington
346,individual,2241,4700,"Evans, Marshall and Owens"
347,system,1447,307,Smith-Hamilton
348,data,1567,1465,"Ross, Brown and Huber"
349,respond,2288,3038,Sullivan-Munoz
350,modern,1808,2904,"Taylor, Gardner and Harrison"
351,garden,813,4500,"Bennett, Green and Williams"
352,change,1948,191,Smith Ltd
353,view,2728,3623,Hays-Fox
354,feel,9,2331,Santiago-Barrett
355,lawyer,2835,1622,Butler-Tyler
356,stand,814,4206,Patel Inc
357,soon,2202,3997,"Wilson, Owen and Williams"
358,represent,2089,4698,Benson Group
359,get,2772,3156,"Andrews, Hutchinson and Buck"
360,economy,1158,1440,"Prince, Cooke and Pena"
361,outside,11,1594,Watson-Hebert
362,arm,2093,3041,Burns-Walker
363,but,2134,2858,Hayden PLC
364,civil,999,3821,Perez LLC
365,fall,2952,3414,Ward-George
366,possible,564,283,"Dunn, Ingram and Lewis"
367,prevent,2746,3304,Williams LLC
368,beautiful,386,2195,Bird LLC
369,not,345,926,Huff-Taylor
370,campaign,2342,4146,Brown Ltd
371,along,2999,131,Chambers-Calderon
372,how,2577,5000,"Mcfarland, Martin and Black"
373,treat,879,4821,Collins-Murphy
374,determine,2601,2689,Allison PLC
375,society,2135,4370,"Powers, Diaz and Fisher"
376,star,1880,3957,Meyers Group
377,face,2443,1942,"Turner, Young and Wolf"
378,later,2341,1881,"Lopez, Haynes and Mcgrath"
379,too,1925,2797,"Mcgrath, Hess and Williams"
380,work,532,395,Pennington Inc
381,speech,2670,1638,"Gill, Wilson and Mcmahon"
382,imagine,2140,344,"Torres, French and Smith"
383,national,232,4140,"Stephens, Montoya and Martin"
384,nothing,2468,1027,Montgomery-Gallegos
385,hit,693,591,Smith-Jackson
386,see,2249,1816,"Ellison, Turner and Perez"
387,part,882,460,"Brown, Bennett and Bennett"
388,name,1523,4141,Singh Group
389,safe,2902,3566,Thomas-Novak
390,maybe,1457,2133,Mendoza-Robinson
391,list,1421,2388,"Johnson, Jackson and Reed"
392,matter,2890,2994,"Flores, Greer and Lewis"
393,get,446,2285,Escobar Inc
394,some,1901,272,"Frost, Bridges and Chen"
395,onto,1608,3049,Reese-Mullen
396,action,2578,3142,Monroe-Hamilton
397,husband,769,3690,"Dunlap, Roy and Edwards"
398,deep,836,4482,Leon LLC
399,character,1415,3290,Duran Inc
400,provide,2370,2901,Casey-Harris
401,box,574,1996,Silva-Munoz
402,consumer,760,1868,Morrison-Ramos
403,reality,2003,3269,Reeves-Lang
404,window,727,1104,Harper-Nguyen
405,concern,1491,4472,Pollard-Mccoy
406,ever,2857,431,"Shannon, Carter and Horne"
407,building,2940,2604,Fields-Rodriguez
408,put,2832,1020,Davidson LLC
409,this,270,1870,"Johnson, Smith and Flores"
410,speech,680,3343,Jackson Ltd
411,defense,2600,1667,"Clark, Evans and West"
412,win,843,576,Goodman-Lawrence
413,purpose,921,3506,Torres-Graves
414,nearly,2738,3526,"Delgado, Smith and Pena"
415,item,272,4621,Hendrix PLC
416,yes,2711,2253,"Thomas, Alvarez and Marks"
417,clearly,2653,3799,"Lam, Keller and Harvey"
418,later,1815,4538,"Moore, Payne and Skinner"
419,may,932,3843,Thompson LLC
420,foot,2780,1481,Mullins-Cuevas
421,stuff,272,808,"Allen, Coleman and Schneider"
422,bank,956,4414,Terry Group
423,pass,2582,3459,"Harris, Thomas and Warren"
424,then,2764,3961,Harper Group
425,guess,1796,3485,Martin-Jones
426,management,1741,4205,"White, Hodges and Hernandez"
427,many,411,2905,"Nelson, Scott and Porter"
428,surface,1670,4118,"Graham, Mendez and Perez"
429,leave,1979,2053,Foster-White
430,seven,1840,2526,Martin Ltd
431,woman,2919,3006,"Melton, Cook and Coffey"
432,hundred,2650,3426,Kim Ltd
433,boy,2709,3638,Mcdonald-Cox
434,window,1264,4378,"Jones, King and Ashley"
435,kid,2458,2883,"Knight, Riley and Harmon"
436,she,2803,2230,"Lee, Waters and Clark"
437,discuss,598,4315,Chambers-Walker
438,than,993,4124,Jackson and Sons
439,she,874,4317,"King, Edwards and Solis"
440,scene,256,4855,Anderson-Rodgers
441,often,2386,3452,Hamilton-Hernandez
442,increase,2,873,Scott Group
443,PM,45,2659,Diaz-Ramos
444,president,739,4283,Jenkins Inc
445,like,559,1260,"Miller, Cortez and Davis"
446,law,1954,1800,Moon Ltd
447,continue,1678,3628,"Navarro, Wilkinson and Vega"
448,social,1611,3508,Romero and Sons
449,unit,1311,3522,Taylor LLC
450,coach,661,2569,Harper-Wang
451,skin,1096,846,Armstrong PLC
452,yard,559,1380,Thomas Ltd
453,white,2655,2024,"Thomas, Hernandez and Velasquez"
454,agree,890,1430,Lowe-Johnson
455,tonight,2237,468,"Porter, Reid and Williams"
456,third,2608,2596,"Farmer, Martinez and Scott"
457,represent,552,1934,"Phelps, Mclaughlin and Yoder"
458,beyond,2137,3614,Wheeler Inc
459,tree,1496,4281,"Marks, Rosario and Rogers"
460,tend,2483,3888,Oconnor-Taylor
461,live,2767,3927,"Wood, Smith and Cortez"
462,point,802,2726,Vazquez PLC
463,most,693,2718,"George, Pollard and Davis"
464,health,2629,2169,"Murillo, Smith and Smith"
465,nearly,11,1778,Mooney PLC
466,reality,500,3006,Hall Group
467,provide,2861,3182,"Carlson, Gates and Thomas"
468,arrive,2577,2085,Harvey-White
469,strategy,43,3812,Braun Inc
470,up,602,2127,"Martinez, Smith and Murray"
471,husband,2320,4739,"Thomas, Henderson and Benjamin"
472,dinner,278,3914,"Bailey, Carter and Williams"
473,most,2771,4836,Cruz-Waller
474,face,551,2515,Nguyen-Johnson
475,decade,1845,1393,"Bartlett, Wolf and Thomas"
476,race,1453,3602,Curry PLC
477,few,2435,2626,"Hernandez, Davis and Duarte"
478,fine,2310,3918,Harmon Inc
479,song,1927,3942,Allen and Sons
480,stop,496,2766,"Thompson, Hernandez and Thomas"
481,billion,537,1909,"Ross, Harmon and King"
482,day,1641,268,Robbins PLC
483,week,872,2008,Sexton PLC
484,current,2617,321,Garrett and Sons
485,government,2587,4371,Clark PLC
486,behavior,2114,373,Robertson and Sons
487,task,1723,2371,Oconnor-Gilmore
488,prepare,1156,3493,Thompson LLC
489,hard,1955,2945,Marsh-Calderon
490,throw,1164,2010,"Clark, Trujillo and Diaz"
491,head,2903,609,Lee Group
492,physical,712,2660,"Rivera, Garcia and Flores"
493,happy,2151,4530,"Esparza, Lloyd and Kaufman"
494,threat,2283,945,Perez Group
495,head,981,3988,Stewart PLC
496,pay,2148,1054,Miller-Rogers
497,just,1887,2128,Mckenzie LLC
498,standard,205,4818,Robinson LLC
499,against,2379,363,"White, Brown and Combs"
500,their,1935,2240,Richardson-Warren
