SalespersonID,Name,ContactNumber,Email,Address
1,Jennifer Peters,001-908-238-6661,melissa43@example.net,"USS Burns
FPO AE 24199"
2,Emily Bennett DVM,(962)669-2621,fostererik@example.net,"5358 Laura Green
South Kayla, GU 17643"
3,Gregory Taylor,+1-704-374-1470x91904,ycannon@example.net,"PSC 9014, Box 9820
APO AP 92170"
4,Gerald Horn,(480)551-4890,joel45@example.net,"808 Thomas Circle
Alanborough, AZ 54136"
5,Jose Hayden,(955)472-8186x21459,stephanieblanchard@example.com,"343 Heather Union Suite 514
East Dennis, MA 75827"
6,Jessica Perkins,(635)541-4882,dbrown@example.org,"12295 Nichols Glens Apt. 791
Shannonchester, TX 77369"
7,Dakota Roy,(455)396-6983,sanchezanthony@example.com,"1158 Sheila Highway Suite 756
Boydchester, CA 44676"
8,Madison Smith,774.764.2954,khouse@example.net,"866 Jenkins Manors Suite 012
Stephanieburgh, SC 94874"
9,Melissa Yoder,750.383.1678x927,mitchell98@example.org,"18698 Smith Overpass
Lake Lisaport, VT 79251"
10,Kellie Miller,+1-488-335-4666x39500,charlescarlson@example.com,"9974 George Terrace Suite 387
Petersonhaven, NE 76864"
11,James Green,001-856-877-2864x9443,uschultz@example.org,"0388 Kathleen Cape
Candacemouth, WA 33202"
12,Richard Spence,851-754-8934,higginsscott@example.net,"745 Jessica Knolls
West Adrianfurt, MS 54591"
13,Diane Day,+1-801-522-7328x547,kwilliams@example.net,"0410 Adam Mission Apt. 405
East Garyland, WI 62402"
14,Tami Norton,805.286.1743x68885,cassieburnett@example.com,"02754 Martin River Suite 469
Michaelhaven, AL 38162"
15,Carrie Campbell,549.283.1611x502,dmolina@example.net,"1205 Colon Turnpike Suite 709
Jeffreyfurt, NY 35868"
16,Micheal Harris,6266110783,cbowman@example.com,"657 Bryan Keys
North William, NJ 92177"
17,Mary Yu,+1-756-850-9821x453,alexander71@example.com,"Unit 7351 Box 2559
DPO AE 72682"
18,Anthony Richards,+1-839-329-8853x7649,josephwelch@example.net,"98977 Thomas Field
New Brianna, AR 80559"
19,Catherine Austin,823.794.0530x448,oholmes@example.com,"44714 Heather Motorway
Lindseyview, WV 83649"
20,Mr. Mike Silva,835-863-5259x817,tina61@example.org,"11169 Schultz Walks Apt. 727
Murphyport, NJ 10006"
21,William Faulkner,(585)937-6505x1210,mhill@example.org,"983 Smith Radial Apt. 822
Kevinborough, NM 45981"
22,Kyle Alvarez II,7378049189,hannaedward@example.org,"828 Bailey Streets
Andrewtown, NM 95284"
23,Nichole Williams,693.777.5543x6579,darren45@example.org,"80096 Rosario Plaza Apt. 059
Duranberg, IL 46678"
24,Peter Fitzgerald,+1-419-355-4699x76105,ibrown@example.com,"2984 Cox Pine
East William, MS 81062"
25,Patrick Curtis,(415)222-8359,qramirez@example.net,"60126 Hernandez Mall Suite 641
Ryanview, KS 60590"
26,Natalie Contreras,001-430-650-3647x250,hannahperez@example.org,"5524 Alexandria Stream Apt. 923
Lake Samantha, DE 98075"
27,Randy Cunningham,+1-883-441-6973,dpark@example.net,"70105 Craig Viaduct Suite 702
Port Bethberg, DC 59375"
28,David Jackson,626.241.1929x15949,hayeskatherine@example.org,"4975 James Port Apt. 785
Teresaview, NM 83450"
29,Sabrina Riley,425.593.3664x4294,fallen@example.com,"57526 Barbara Pass Suite 814
North Philipburgh, MH 48797"
30,Megan Pruitt,(587)602-5757x194,kimberlyclark@example.org,"2826 Mayer Mill Apt. 522
Natalieborough, KY 85067"
31,Ashley Schneider,800-586-9105,mflynn@example.net,"8532 Linda Ford Suite 511
Wardberg, VA 49339"
32,Whitney Turner,(908)760-1225x92577,christine65@example.com,"40093 Gonzalez Streets Suite 406
South Johnchester, FM 95321"
33,Brandy Young,2306414073,bdiaz@example.com,"30789 Frey Land
Port Nancy, RI 66395"
34,Amber Duncan,327-331-7552,scott53@example.net,"5816 White Coves
Jamietown, DC 88665"
35,Jennifer Murray,+1-776-914-8587x1204,meghanclark@example.net,"73512 Valerie Ferry
North Debra, MH 87260"
36,Juan Lloyd,001-911-971-1327x2930,susanfisher@example.com,"34658 Melanie Vista Apt. 128
Lake George, WI 67771"
37,Matthew Thomas,001-470-444-3219x24832,robert30@example.com,"02047 Larson Tunnel Suite 680
Englishbury, PA 53712"
38,Mark Cline,201-880-7699x524,sarahsimpson@example.org,"93205 Veronica Groves Suite 749
North Todd, DE 72018"
39,Karen Brown,726.464.8262,ronald19@example.com,"PSC 3765, Box 7048
APO AE 16140"
40,Robert Smith,(410)542-7879,graydavid@example.net,"977 Elizabeth Harbors Suite 932
South Kevinmouth, GU 00605"
41,Tina Perry,913-475-9221x786,mark15@example.net,"494 Kathy Curve Apt. 708
West Kenneth, RI 42223"
42,Juan Edwards,396-458-8272x786,rbennett@example.org,"40759 Taylor Spring Apt. 080
South Natashaview, VI 91892"
43,James Dixon,(381)602-9320,jonessean@example.net,"3102 Brandi Extension Apt. 600
South Wendyhaven, SD 58085"
44,William Bailey,+1-474-772-8561x562,danielle09@example.net,"2320 Patricia Burg Apt. 182
Weaverfort, RI 32201"
45,Renee Young,9669190577,aguirreisaac@example.net,"865 Stevenson Isle Suite 701
Raymondville, WY 36599"
46,Sharon Moore,303-857-2650x753,spencer82@example.net,"02101 Cantrell Ports Suite 222
New Amanda, SC 44812"
47,Charles Alvarez,392.723.4853,john17@example.com,"095 John Roads
Toddburgh, NM 97312"
48,Kristin Rivera,298-597-7115,james25@example.net,"PSC 1917, Box 9092
APO AE 60946"
49,Sara Walker,001-954-589-1597,fletcherdaniel@example.com,"22544 Patton Parkways Apt. 389
Gabriellaland, MI 32940"
50,Patrick Larson,612.596.6189x5064,melendezsusan@example.com,"3758 Richard Fields Suite 805
South Michaelhaven, MP 71280"
51,Kayla Curtis,+1-402-236-7295x2677,sarahcruz@example.com,"89356 Michael Locks Suite 101
Larryburgh, TN 72230"
52,Todd Farrell,351.226.0854x9003,ronaldtaylor@example.com,"23605 Coleman Point Suite 857
Erinton, NM 54666"
53,Amy Black,891-459-4553,tdelgado@example.net,"PSC 2218, Box 7177
APO AE 50146"
54,Jennifer Nelson,540.312.2601,dbauer@example.com,"3474 Jones Turnpike
New Toddville, CA 14661"
55,Crystal Page,418-602-5068,starkbrent@example.com,"939 Harold Stravenue
Baldwinhaven, NV 65782"
56,Crystal Pierce,+1-284-878-6440x9783,david68@example.com,"560 Morgan Turnpike Suite 537
Jamesfort, WY 70861"
57,Patrick Ryan,817.322.9487x05578,bradleyleonard@example.org,"494 Mark Glens Suite 343
South Joannshire, LA 62040"
58,Dr. Sandra Ramos,+1-967-381-2029x6730,hgilbert@example.org,"663 Moore Wall
Danafort, NC 27527"
59,Chase Turner,+1-296-273-3661x565,dalton46@example.com,"78040 Maurice Inlet
Chanhaven, AZ 85593"
60,Isaac May,001-487-818-1376,edward89@example.com,"8277 Erin Circles Apt. 649
South Elizabethmouth, OH 64376"
61,Gina Singleton,001-836-479-9245x003,bateschristopher@example.org,"268 Decker Lock
Alvarezshire, ME 61459"
62,Diane Thomas,(531)659-5853x35956,phillip22@example.org,"USNS Weaver
FPO AA 94105"
63,Heather Frost,(722)277-1484x289,kevinkey@example.net,"USCGC Frazier
FPO AA 79646"
64,Blake Reyes,001-227-237-0277x437,joseph50@example.com,"363 Freeman Creek Apt. 045
North Ronald, MI 59405"
65,Kevin Clark,291-979-1900,jessica73@example.com,"5703 Kathy Valleys
Angelachester, MA 27143"
66,Jose Jones,(695)404-3270x046,jonathan60@example.com,"1596 Jackson View Suite 826
West Ashleychester, IL 30904"
67,Nicolas Kelly,7994289173,carpenterpamela@example.com,"652 John Villages Suite 777
West Nancymouth, AS 89505"
68,Jane Boyd,+1-398-795-9588x935,cruzhaley@example.net,"927 Anthony Rapids
New Jorge, SD 80097"
69,Noah Peterson,(513)759-9135x6920,staffordzachary@example.net,"5718 Joseph Harbors Suite 891
West Tammy, IN 88334"
70,Scott Moore,001-436-636-9538x5656,robertstanner@example.com,"7600 Henry Crossing Suite 862
Combsborough, DC 94499"
71,Phillip Rivera,001-271-852-2933x6843,oballard@example.org,"24946 Austin Mission Suite 045
Port Sarahbury, DE 33577"
72,Levi Baker,7796465755,bwilliams@example.net,"029 Catherine Vista
North Jamesland, CT 34604"
73,Jessica Cook,+1-886-276-6595x2620,danielsshawn@example.org,"9083 Stephens Roads
Lake Connie, NV 70485"
74,Shane Owens,502-659-4569x67028,christie01@example.net,"Unit 0588 Box 6429
DPO AE 20877"
75,William Baker,001-972-300-0897x826,blakepamela@example.org,"81642 Grant Fields Apt. 225
South Heidi, CA 96713"
76,Jill Welch,(889)929-6329x915,gfranco@example.net,"536 Barnes Roads
Crystalhaven, WY 84736"
77,Brett Lopez,360-803-4035x94100,ajones@example.org,"Unit 0269 Box 2078
DPO AP 60481"
78,Morgan Simpson,001-414-378-8031,vgonzalez@example.org,"31080 Lee Landing
Gonzalezchester, OK 44838"
79,Scott Wong,727.551.6843x279,lisa76@example.com,"88949 Trujillo Courts
Matthewshire, NE 71719"
80,Carl Thompson,(705)993-1597,wilsonraymond@example.org,"8198 Bennett Lakes
South Robert, IL 57964"
81,Sean Lopez,+1-316-348-8832x4994,wilsontimothy@example.org,"1102 Michael Row Apt. 333
New Thomas, MA 85356"
82,Paula Webster,681-711-5724x73311,williamstafford@example.net,"7166 Catherine Street
East Amandatown, MP 04148"
83,Victoria Lam,719-648-0103x5790,jeremiahstrickland@example.net,"PSC 2745, Box 4708
APO AA 82369"
84,Michelle Brown,328-555-8335x40703,steven50@example.org,"9655 Jones Inlet Suite 833
Pamelaport, WV 49628"
85,Veronica Hill,001-381-846-9520,goconnor@example.org,"01734 Nunez Greens Suite 223
Lisabury, NJ 04336"
86,Angela Cox,(904)838-7451x1101,gregory41@example.com,"709 Dunn Mews
West Billy, WY 72370"
87,Vanessa Delgado,757-890-6698,jennifer15@example.net,"9770 Lee Unions
Davidbury, DC 24720"
88,Kevin Reed,982-797-7807x8177,michaelapeterson@example.org,"USCGC Nguyen
FPO AE 06280"
89,Dale Mcclain,001-865-449-5531x588,zquinn@example.com,"63362 Fernando Courts
Heiditown, MH 21238"
90,Cynthia Black,(369)840-0080,rjordan@example.net,"2172 Taylor Meadows
North Robert, AK 65610"
91,Curtis Byrd,654-649-3761x9671,millerashley@example.org,"87159 Joseph Spring
North Kathrynhaven, CT 74014"
92,Jacob Diaz,216.528.2585x96844,michael59@example.org,"00177 Wright Forge
Robertfurt, WY 73821"
93,William Barnes,(781)586-7826,qdoyle@example.com,"41556 Daniel Unions
East Ericland, MO 41802"
94,Vincent Phillips,(458)361-5880x0288,acarroll@example.net,"431 John Vista Apt. 721
Amandafurt, KY 26710"
95,Gregory Oliver,001-831-448-5442,shannonjones@example.org,"0028 Christian Bridge Apt. 011
West Ricardohaven, MS 94609"
96,Stephen Jones,(960)386-5227,yvonnelittle@example.com,"566 Rivera Crest Suite 654
North Raymond, MD 49966"
97,Robert Hopkins,(956)606-1442,torrestommy@example.com,"USNS Campos
FPO AA 88286"
98,Richard Cruz,(789)313-1541x321,amandamartin@example.net,"281 Christopher Lane Apt. 559
West Nicole, SD 85080"
99,Anne Williams,001-528-588-0325x456,georgepowell@example.com,"923 Robinson Curve Apt. 430
Salazarchester, MI 87655"
100,Laura Murray,698.926.7707x49149,justinwilson@example.com,"6212 Stephen Ports
Myersfurt, SD 98696"
101,Sara Carr,001-854-556-1527x23682,gabrielbarnes@example.org,"9615 Flynn Roads
Orrfort, GU 93139"
102,Grant Thompson,6537757986,jeffreydawson@example.org,"78403 Mitchell Ports
Port Lisaborough, MO 30611"
103,Shelby Davis,3732032202,stephen60@example.com,"6586 Amanda Well Suite 776
East Elizabethbury, PA 89198"
104,Kimberly Hill,+1-976-679-6577x369,nicholsdebbie@example.net,"705 Sierra Trafficway
Daniellemouth, PA 67929"
105,Maria Ewing,636.292.2785x0881,rnelson@example.org,"99691 Vasquez Shores
Lake Donaldborough, WI 03181"
106,Sara Mcdonald,(646)816-5063x5260,ashley43@example.com,"003 Bridges Causeway
West Christopher, WI 51260"
107,Scott Baldwin,424-380-6164,wdaniel@example.com,"36702 Guzman Mountain
Lake Kellyfurt, VA 81852"
108,Linda Thompson,226-670-5799,richard12@example.net,"649 Latasha Mountain
Baileybury, FM 89620"
109,Troy Thomas,001-249-438-2694x22336,aliciaross@example.net,"028 Janet Plains Apt. 623
East Justinton, MD 91810"
110,Angela Delgado,877-746-3726x33765,ghall@example.org,"266 Greene Summit
Port Megan, NM 41219"
111,David Reed,965-533-1004x4581,phillipswilliam@example.org,"75508 Lynn Crossing
Ambermouth, ND 58054"
112,Toni Graham,001-297-573-2602x268,jeffrey71@example.com,"169 Fuentes Unions
Markmouth, PR 89043"
113,Victoria Norman,818.768.1876,stuartjeffrey@example.com,"USNV Kemp
FPO AE 45103"
114,Laura Villarreal,+1-240-476-5445x56216,michellerodriguez@example.org,"Unit 4995 Box 2258
DPO AP 56447"
115,Mark Rogers,291.932.8641x15821,dcraig@example.com,"Unit 8867 Box 3143
DPO AP 32255"
116,Alfred Clark,(969)989-5942x959,cheryl30@example.org,"USS Henderson
FPO AP 28291"
117,Douglas Dixon,459-381-9283x785,sotosamuel@example.net,"25735 Kelly Forest Suite 681
Ryanstad, OR 45115"
118,Sarah George,501-234-7089,michael60@example.net,"66205 Ward Summit Apt. 651
New Stefaniefurt, NC 59359"
119,Jeffrey Hughes,(419)323-3303x470,bmadden@example.net,"88958 Jade Parks Apt. 863
Longhaven, NC 11104"
120,Robert Phelps,5438285792,rachel32@example.com,"2627 Martinez Mission Suite 951
Cruzhaven, MO 15303"
121,Richard Nelson,(792)935-5430x758,kristielopez@example.net,"55617 Nicholas Prairie Suite 424
Danielburgh, CA 62079"
122,William Boone,001-256-298-3906x4245,patrickamber@example.com,"60356 Paul Ports Suite 571
New Kathryn, VA 80060"
123,James Oneal,211.345.7788,michellewest@example.org,"064 Megan Point
Lake Melissa, MN 60431"
124,Brandon Lozano,+1-708-461-7516x68993,simmonsmichael@example.org,"239 Jessica Gateway Suite 913
New Victoriaberg, SD 93973"
125,Timothy Anthony,(468)830-8592x38972,nicholas30@example.org,"496 Vanessa Village
Kimmouth, OR 61897"
126,Rebecca Grimes,+1-532-420-6348x8882,troy51@example.org,"994 Brittany Mall
Murphyborough, ND 14981"
127,Mr. Dillon King DDS,001-473-518-4342x81787,williamsjorge@example.com,"PSC 8836, Box 4716
APO AE 94674"
128,James Nielsen,001-805-875-5152,megan94@example.net,"92997 Davis Trail Suite 894
East Katie, DC 09834"
129,Cynthia Stein,669-426-0624x98776,stephenchavez@example.net,"2833 Robinson River
Hermanhaven, IN 02946"
130,Desiree Morales,001-613-692-8653x43516,katie23@example.net,"4823 Waters Lodge
Katherinefurt, GA 96152"
131,Michael Cordova,339-747-3737x75738,samuel88@example.org,"597 Griffith Parks Apt. 046
East Phillipbury, TN 79481"
132,Jennifer Powell,956.897.7099x6957,matthewball@example.com,"16652 Kelsey Brooks
North Christopher, NY 37826"
133,Lisa Boyle,545-641-5002,desiree96@example.org,"0650 Baker Forges
Travisfurt, ID 42192"
134,Eric Jarvis,+1-396-464-1272x647,sbrown@example.net,"49821 Schneider Divide Suite 798
Rodriguezchester, AS 02505"
135,Justin Trevino,001-672-730-4129,jennifer74@example.org,"2200 Mary Curve Apt. 075
Ericton, PW 74601"
136,Eric Tran,(684)528-4960x619,jeffrey39@example.org,"676 Wilson Cliff
North Kimberly, LA 95541"
137,Maxwell Richmond,(329)731-5496,michaelsmith@example.org,"701 Williams Underpass
Ortizfurt, FM 15409"
138,Zachary Hardy,489-430-6476x07431,jose32@example.net,"747 Stewart Meadows
East Andrew, AL 29056"
139,John Parks,(598)839-3383x461,mcguirechristopher@example.net,"5657 Brown Via Apt. 344
Jaymouth, MO 40990"
140,Rebecca Hayes MD,(761)774-0177x04250,smithmallory@example.org,"3006 Cox Island Apt. 907
North Belindachester, UT 76729"
141,Caitlyn Bradley,001-794-446-7329,trevorbraun@example.net,"589 Hunter Turnpike
Strongmouth, NV 78438"
142,Joshua Gonzales,673-809-1863x18130,cookdavid@example.org,"26090 Brittany Dale
Smithborough, LA 19554"
143,Leah Wallace,(437)879-0372x4253,blewis@example.com,"958 Bender Tunnel
Garciaborough, PW 41754"
144,Ana Reeves,970-495-4762,baileysara@example.org,"302 Peggy Port
Johnsonmouth, CT 69076"
145,Michael Hernandez,791-352-8299x93833,wesleywilson@example.org,"796 David Cliffs Apt. 997
Sabrinaville, NJ 37523"
146,Micheal Wise,981.905.1933x598,joann72@example.net,"8719 Moore Summit
Shaffermouth, LA 23028"
147,Danielle Smith,+1-837-623-9689x314,daniel34@example.net,"768 Burgess Walk
New Lance, TX 34980"
148,Amy Kennedy,524-303-6397,bmendez@example.net,"1992 Bush Square
New Brittneyhaven, NJ 64149"
149,Regina Foster,934-883-0434,kyle76@example.com,"590 Martinez Garden Apt. 661
South Stacey, AZ 83545"
150,Nicole Davis,970-522-6189x3023,cynthia94@example.com,"02408 Becky Burg
West Jeremy, DE 29638"
151,Anthony Ward,939-717-2980x9068,laurieatkinson@example.com,"856 Lisa Ramp
Samuelfurt, WI 04050"
152,Mario Gregory,001-848-538-0774x82912,pachecojenny@example.net,"24964 Travis Loop Suite 280
Jacksonbury, VI 91250"
153,Elizabeth Vasquez,756.955.8805x27835,xthompson@example.com,"USS White
FPO AP 85970"
154,James Rivas,530-648-3097,gallegosmarilyn@example.com,"0618 Lindsey Route Apt. 830
North Robert, UT 51837"
155,Louis Sullivan,884.236.3550x24436,abyrd@example.net,"54941 Christine Roads Apt. 219
Paulfort, RI 61177"
156,Lisa Bryant,472.527.8681x44014,dillonaaron@example.org,"7555 Ashley Manors
Salinasburgh, HI 06558"
157,Vanessa May,758.467.7574x4775,howekeith@example.org,"886 Parker Crest
New Matthewtown, WA 19997"
158,Sharon Bishop,001-682-504-2494x8413,susan38@example.net,"PSC 7317, Box 0290
APO AP 31333"
159,Vanessa Fischer,4765870102,lopezronald@example.net,"6250 Price Turnpike Suite 366
West Daniel, TX 64476"
160,Brian Johnson,+1-525-915-2084,hsmith@example.org,"198 Randy Landing
Davidberg, WY 26908"
161,Terrence Garcia,293.843.6489x37151,michael55@example.org,"10477 Dudley Radial
Macdonaldburgh, MI 40716"
162,Daniel Jackson Jr.,891.469.6406,debrareese@example.com,"457 Dunn Garden
Whitefurt, NC 33884"
163,Jessica Dalton,+1-717-956-0933x04703,johnsonelizabeth@example.net,"188 Stephanie Loop Suite 342
Stonefort, MT 55060"
164,Jennifer Scott MD,(469)936-6937,tamara32@example.net,"9828 Michelle Burgs Apt. 066
Peterchester, DC 33630"
165,Joanna Hernandez,621.255.2041,richardwilliams@example.net,"PSC 2993, Box 2805
APO AA 01674"
166,David Rodriguez,309.342.4473,ujohnson@example.net,"82945 Warner Manors
Alyssabury, NE 67451"
167,Paul Montgomery DVM,(544)857-9745,stevenroberts@example.org,"83657 Williams Grove Suite 928
Port April, NJ 44669"
168,Randall Willis,770.830.0988,kevin09@example.net,"432 Christine Mission Suite 211
New Andrew, PA 79390"
169,Brittany Stanton,+1-368-489-9321,adamslynn@example.net,"2706 Williams Prairie
Lake Matthewside, NC 02629"
170,Rachel Rodriguez,204-723-4816x51188,staffordcameron@example.com,"428 Teresa Trace Apt. 574
New Samuelberg, NV 34468"
171,Russell Martinez,001-468-611-3935x74847,sharoncampbell@example.org,"420 Eric Ramp
Paulbury, OK 53883"
172,Kevin Zamora II,620-980-5415,thomashowell@example.com,"76094 Rivera Bypass Apt. 042
New Jameston, VI 99520"
173,Robert Hoffman,285-757-6343x187,pattyanderson@example.net,"893 Michaela Ville Suite 844
East Kaitlyn, IL 05778"
174,Brittany Hernandez,(590)415-4225x5744,juliepotter@example.net,"29084 Diane Ferry
Port Robinside, IL 11603"
175,Anita Murray,7985063225,sharon61@example.org,"46648 Tina Unions
Lake Sharonborough, AL 26839"
176,Amanda Bennett,+1-792-729-4179x02280,daniel37@example.net,"2302 Larson Locks Suite 925
Lambertside, PW 71609"
177,Joanna Wiley,583-700-6543,shannon49@example.com,"0884 Smith Ferry Apt. 477
North Heather, SD 48150"
178,Jeff Smith,801.335.9367x3254,farmeramber@example.net,"02745 Duran Port
New Anthonyshire, CT 36380"
179,Ralph Smith,4362841036,zwest@example.com,"598 Hannah Burgs
Markchester, AR 01430"
180,Julia Lowe,369.940.5721x02901,cunninghamstephanie@example.net,"96995 James Hollow Suite 709
West Michael, IN 39044"
181,Corey Johnson,991-336-6345x68289,baldwinamanda@example.net,"5185 Elizabeth Unions
South John, MO 61659"
182,Paul Miles,(435)309-4671,gclark@example.com,"446 Rodriguez Ferry
Schwartzburgh, OH 89979"
183,Diana Hurst,+1-443-722-9186x729,malik36@example.com,"96437 Cabrera Knolls Apt. 390
Donaldbury, OH 85167"
184,Ashley Guzman,(469)830-5350x9131,tyoung@example.com,"863 Tammy Camp
Veronicahaven, UT 43554"
185,Jason Harrison,632.890.4441,rebeccawilson@example.org,"06337 Gina Well
West Elizabeth, MI 96669"
186,Michael Alexander,877-674-2286x72651,swhite@example.com,"35203 Donna Pine Suite 769
Lewishaven, NM 84265"
187,Rachel Jenkins,(727)377-6141x0248,ldavis@example.net,"459 Colleen Courts Apt. 015
Port Eric, CA 30416"
188,Natasha Jones,(738)280-7774x1916,brianthomas@example.com,"35578 Hansen Pike Apt. 070
North Allisonhaven, WI 92542"
189,Richard Wall,001-399-448-9167,andrewoliver@example.com,"81301 Manning Parkways Apt. 283
South Bethanymouth, MA 09488"
190,Daniel Le,214-441-4795x95242,teresaking@example.net,"4797 Karen Canyon
Heatherland, IL 34485"
191,Benjamin Hale,750.344.6136x71160,mmartin@example.com,"Unit 1891 Box 1972
DPO AP 01023"
192,David Lopez,4724760380,michael32@example.net,"16442 Daniels Isle
Smithmouth, FL 17148"
193,Jacqueline Cole,(951)800-1243x47402,lwalters@example.org,"1404 Williams Run
Lindsayland, KS 49255"
194,Michael Benson,001-968-632-3295x372,brianbarnes@example.net,"71244 Lee Skyway Suite 802
New Ryan, IN 07166"
195,Manuel Graham,001-905-703-6360,suzanne05@example.com,"42231 Ian Islands Suite 395
Robertberg, NV 94318"
196,Michael Ballard MD,(856)591-5164x72752,richardsonbrittany@example.org,"61388 Darryl Vista Suite 106
Hernandezberg, MS 33083"
197,Brittany Flores,481-451-8864x406,ashleysmith@example.net,"9352 Paul Stravenue
East Ashleyberg, NJ 27923"
198,Nicole White,001-650-804-4761x27266,dean54@example.com,"2394 Gina Viaduct Apt. 306
Taylormouth, FM 95931"
199,Lauren Robertson,693.260.7278,thomasgeorge@example.com,"0335 David Union Apt. 158
Lake Emily, IN 47116"
200,Gabriel Hall,(887)260-3570x9054,hbrown@example.net,"USNV Peterson
FPO AA 40402"
201,Stefanie Johnson,899.473.0643,drowe@example.org,"USNS Schroeder
FPO AP 59676"
202,Kara Case,(610)221-9923,phillipmartinez@example.org,"29963 Anderson Forges Suite 163
Lake Chad, AL 66137"
203,Jason Harris IV,835-275-3404,rileybrandon@example.org,"9371 Mark Drive Suite 549
Port Rebeccaville, NM 57993"
204,Emily Delgado,(744)288-2842x460,samantha21@example.com,"960 Stephen Valley Apt. 230
Edwardmouth, ME 66934"
205,John Jones,4564806455,otorres@example.com,"Unit 7630 Box 7801
DPO AE 04190"
206,Roy Mccall,3654503937,jacksonjohn@example.org,"03523 Meredith Tunnel
Jerrymouth, TN 51498"
207,Hannah Sullivan,001-698-436-8663x0749,lauren56@example.com,"30053 Hayes Row Suite 034
West Hunterland, WV 62875"
208,Tiffany Sanchez,703-307-0853x65272,benjamin09@example.com,"0680 Victoria Squares
Port Natalie, DE 03490"
209,Mr. Brian Novak,+1-831-833-4516x43673,john06@example.com,"14835 Eric Neck Suite 891
East Ericfort, VI 88615"
210,Mark Tran,524.292.4245,peter01@example.com,"76633 Clements Drives
Mayofort, KS 64267"
211,Kimberly Morton,+1-341-634-6364x442,wmcintosh@example.org,"8067 Stevenson Brook Suite 675
Dustinland, NV 71751"
212,Jennifer Patterson,+1-227-618-9892x52285,tayloralexander@example.com,"20570 Lopez Lodge
Castrobury, TN 29558"
213,Anita Brown,520.451.2452,david79@example.com,"83330 Short Causeway
Port Thomasfurt, OH 04733"
214,Arthur Turner,+1-940-452-0034x725,kevin12@example.com,"576 Daniel Vista
Lauramouth, UT 29593"
215,Mr. Andre Myers Jr.,001-834-492-7024,zlam@example.com,"3488 Alejandra Wells
Lake Jameshaven, AZ 78805"
216,Crystal Henry,+1-376-845-0510,jcurtis@example.net,"65318 Clark Mission Suite 724
East Stevenshire, NE 92964"
217,Jenna Abbott,977-605-6344x3620,jeffreybautista@example.com,"467 Hamilton Stream
Kingside, NH 03491"
218,Lindsey Whitney,(452)515-0006,johnmarshall@example.net,"719 Nelson Pass
South Craig, OH 11088"
219,Holly Barnett,3788028162,christopher74@example.org,"0084 Gray Lodge
South Kevinmouth, HI 22350"
220,Mercedes Dorsey,001-306-352-9827x979,janice84@example.net,"333 Marissa Bridge Suite 807
North Juliamouth, MA 50012"
221,Nancy Rodriguez,(699)215-0482,barbara68@example.org,"9436 Troy Landing Suite 057
Hugheschester, MS 96730"
222,Brenda Glover,(283)515-5443x2705,madison25@example.net,"PSC 5441, Box 6877
APO AA 05060"
223,Brandy Wells,459.587.8475,christophertravis@example.com,"871 Mary Plains Suite 547
Anthonyborough, HI 75324"
224,Donald Hartman,(508)688-2098x48931,wendy60@example.com,"1919 Miller Extensions
North Mark, ME 34716"
225,Amber Brown,225.646.1976x5303,mjohnson@example.org,"218 Matthew Station
Daymouth, NV 49814"
226,Crystal Baldwin,(373)513-3164,martinamy@example.net,"598 Taylor Causeway
Rodriguezstad, VA 11160"
227,Donald Navarro,764.843.3838,ross03@example.net,"94350 Hanson Greens
Knappport, KY 74913"
228,Samuel Wells,849.317.6330x554,wherrera@example.net,"9776 Moore Mission Suite 021
Jimbury, NM 52104"
229,Sara Johnson,001-590-934-2198x38342,fuentesjessica@example.org,"26174 Phillips Pines Apt. 139
Austinberg, NH 79619"
230,Jennifer Cruz,(375)953-6988x68112,anthonysheri@example.net,"525 Allen Loaf Suite 924
West Peter, ND 58179"
231,Alison Solis,699.292.4874x64362,laurenwright@example.org,"519 Lyons Summit
Mooneybury, OH 76781"
232,Jessica York,001-998-327-3467x794,thompsonjames@example.org,"36961 Copeland Port Suite 394
Gilbertbury, OR 64118"
233,Carlos Valdez,+1-647-309-1307x6119,curtisnancy@example.com,"2717 Saunders Common Suite 972
Evansburgh, NY 65057"
234,David Orozco,+1-712-301-8058x65817,vickiesexton@example.net,"9775 Butler Orchard Suite 286
East Ryan, AS 06745"
235,Cameron Williams MD,+1-453-699-8318x44228,gomezmelissa@example.com,"46154 Cody Camp
Port Tiffany, MO 11606"
236,Christopher Nichols,310.284.6376,benjaminjamie@example.org,"77242 Moore Land
New Joanshire, CA 67709"
237,Dawn Bailey,001-918-362-7461x49270,robert26@example.org,"USNS Lewis
FPO AE 13818"
238,Linda Crosby,+1-594-798-2721,melanie48@example.com,"5051 Bryan Ways Suite 752
Garrettview, MH 45767"
239,Stacy Foster,469-944-6866,jonesjennifer@example.com,"USNS Chaney
FPO AP 29895"
240,Mariah Hunter,+1-294-975-5493x597,tiffany59@example.org,"5821 William Ports Suite 574
West Trevorfurt, CT 11879"
241,Sandra Matthews,001-570-428-2713,jacquelinehardy@example.net,"831 Adams Gateway Apt. 343
Daviston, TX 47828"
242,Linda Edwards,001-381-823-1037,rbernard@example.net,"46948 Yu Tunnel
Kennedymouth, AK 35035"
243,Steven Jones,969-362-2210x773,amysmith@example.net,"886 Dixon Courts Suite 666
Garnerport, NH 05179"
244,Janet Richards,808.306.7409,veronicaford@example.com,"9352 Rivera Lake Apt. 175
East Ashleyland, KS 25899"
245,Sherri Goodwin,(977)900-6591x34049,lindsey44@example.com,"2989 Courtney Landing
Bookerchester, HI 41888"
246,Carlos Torres,(584)232-9340x6132,alvaradosean@example.org,"759 Johnson Lane
Rileyland, KY 08831"
247,Cheyenne Costa,810.956.8778x795,linrobert@example.org,"7450 Barton Expressway
South Dustin, NV 19491"
248,Ashley Edwards,961-240-4190,rodneycollins@example.net,"853 Powers Radial Apt. 368
Morrisstad, SD 17886"
249,April Parker MD,(808)700-7209x069,anthonyoneal@example.org,"USNV Boyd
FPO AP 35940"
250,Samantha Bernard,8953726201,moraleskristine@example.org,"Unit 9947 Box 5492
DPO AE 61563"
251,David Norton,332.277.1007x850,thomassantiago@example.com,"290 Kimberly Crescent
Howellburgh, WV 25420"
252,John Goodman,600.530.1959x6679,brookstara@example.com,"00721 Williams Cliffs Apt. 213
Lake Jessica, KY 04652"
253,Andrew Ortiz,355-837-4885x9609,crystal08@example.com,"81171 Adams Throughway
Jonesport, WA 61190"
254,David Scott,(718)356-6674,zmedina@example.com,"16366 Turner Land
New Joe, SD 48465"
255,Christopher Estrada,522.644.0736,amybond@example.com,"826 Maria Flats
East Christopherburgh, MI 24506"
256,Erik Lee,001-957-786-3470x607,etaylor@example.net,"66000 Campbell Freeway Suite 810
West Antonio, RI 29342"
257,Debbie Smith,(837)758-4451,sean49@example.com,"749 Graves Ports
South David, WY 45360"
258,Shelley Perez,8014158799,dburns@example.org,"494 Mejia Road
West Colton, PR 87819"
259,Sean Nelson,(664)963-6011x126,brownisabel@example.com,"73762 Matthew Curve
North Chrisport, WA 62630"
260,Nathan Strong,+1-782-641-6963x791,wisekenneth@example.com,"0472 Phillip Gateway Suite 877
Watersside, WY 74129"
261,Tina Woods,642-983-3525x5627,shawn57@example.com,"66609 Christine Locks Apt. 769
Wongmouth, HI 48113"
262,Edward Johnson,484-265-5844x41658,qblankenship@example.net,"751 Stewart Bypass Apt. 437
West Eric, MO 26494"
263,Joshua Cole,223-555-0698x0807,nathan90@example.com,"51427 Thompson Point
Davidmouth, ME 13642"
264,Stacy Foster,001-948-696-2663,douglasfranco@example.net,"3842 Jennifer Ridges
Bradleyhaven, MS 09869"
265,Jennifer Oliver,375-660-8603x90504,tylerjessica@example.net,"002 Kirk Shoals Apt. 617
Walkerport, OR 66288"
266,Courtney Fisher,+1-856-377-0263x23662,xwright@example.org,"1913 Williams Spring Suite 996
Lake Ericview, NM 03125"
267,Thomas Greer,(347)309-4510x1399,davidmunoz@example.com,"79166 Diaz Manors Apt. 509
Rodgerstown, NM 33635"
268,Tammy Huffman,939.558.4143,erica84@example.org,"2057 Aaron Way
Hallbury, ID 21919"
269,Isabella Garza,496-489-6424,terryrachel@example.org,"0053 Diana Pines
North Caitlin, IN 38584"
270,Terry Juarez,247-885-4421x272,pconrad@example.com,"0734 Thomas Junctions Suite 653
Brianstad, IN 82327"
271,William Smith,398-382-2120,kcharles@example.org,"91209 Cooper Locks
Nicholasfort, AK 58591"
272,Andrew Johnston,(430)399-5996x80556,allenangela@example.org,"USS Murphy
FPO AA 05290"
273,Samuel Bennett,+1-880-928-4480x30906,silvarenee@example.org,"1998 Holder Heights Apt. 327
East Kristastad, GU 89153"
274,David Marshall,894-576-8506x12664,jenningskaren@example.org,"5937 Allen Meadows Apt. 307
South Joshua, TX 19151"
275,Joshua Reed,(774)999-7306,cbrady@example.com,"9975 Charles Mountain
Anthonystad, IL 66250"
276,Kathleen Shields,(539)547-1667x14202,lisa37@example.org,"78123 Kyle Center Suite 896
Torresside, WV 95421"
277,Jeffrey Wood,368.615.9372x883,davidtyler@example.org,"95348 Lam Square
Dianeberg, NH 72412"
278,Lisa Wallace,001-324-676-5691x285,harrisdanny@example.net,"018 Carlson Fort
Johnsonbury, KS 12913"
279,Robert Bennett,(738)495-9316,lbutler@example.org,"9540 Randy Junctions Apt. 581
New Ryan, SC 65534"
280,Carlos Collins,8693288354,camachologan@example.com,"014 Guzman Flat Apt. 424
Johnberg, DE 82284"
281,Neil Martinez,001-209-337-5148x20481,ebailey@example.com,"93653 Debbie Gateway Suite 367
Lake Jeremiahbury, DE 84751"
282,Diana Cobb,3772382295,williamsrachel@example.com,"1657 Dudley Forks
Wallburgh, MA 42668"
283,Edward Thompson,596-533-2397x9173,pnolan@example.net,"29472 Reid Mews
West Andrewbury, TX 66132"
284,Claudia Hunter,723.261.9793x4576,daniel90@example.org,"1420 Johnson Circle
West Sheila, MP 49663"
285,Melissa Murphy,678-988-5297,haydendorothy@example.net,"80263 Porter Island
Allenville, WA 70271"
286,Sara Ford,579-619-2101,ronald42@example.com,"62199 Joanna Circles
Miguelchester, WI 76554"
287,Sheri Diaz,975.985.4342x64042,philip77@example.net,"14365 Gonzalez Manor
Jessefurt, MD 94975"
288,Dr. Jonathan Kim,+1-859-398-0024x1460,meganthompson@example.net,"3871 Misty Knolls
Frenchtown, VT 54794"
289,Jessica Andrews,001-729-223-6493x671,geraldscott@example.com,"444 Amanda Summit Suite 413
Lake Christophershire, CT 62432"
290,Corey Payne,(466)273-7160x2735,brownalexandria@example.com,"745 Heather Way
Sueview, DC 50205"
291,Tracey Warner,(312)994-0264,franklin84@example.com,"54428 Nguyen Well Suite 286
West Jeffreyton, PW 96775"
292,Justin Bauer,001-814-589-1404x60531,mezamichelle@example.com,"213 Stephanie Mission Apt. 299
Morenofort, ND 91861"
293,Jamie Ellis,(479)827-9655x954,brownmichelle@example.org,"22843 Horton Crescent
Knightshire, MT 20866"
294,Vicki Moreno,+1-750-292-9141,dcunningham@example.net,"865 Roy Flat Apt. 434
East Victor, WY 65024"
295,John Mcintosh,611-852-5018x85014,tchandler@example.com,"3570 House Wells Apt. 790
Sanchezchester, NY 67989"
296,Stephen Perry,+1-493-850-2102x4086,bookerlisa@example.com,"612 Sarah Avenue
Sierraton, MA 28668"
297,Kelly Hernandez,001-664-662-5033x78194,cohenmiguel@example.net,"15774 Meyer Ferry Apt. 243
Lisaborough, AL 98345"
298,Angela Torres,(786)542-5043x76436,russellcameron@example.com,"327 Charlene Summit Suite 057
New Sharon, DC 29792"
299,Richard Schneider,940-580-1303x12196,ashley62@example.com,"67059 John Inlet
Port Brittanyville, FM 56875"
300,Jennifer Smith,+1-690-406-6444x81121,imorris@example.com,"0501 Acosta Cliff
Villarrealland, LA 75697"
301,Donna Morris,+1-905-830-9758x79774,erobinson@example.org,"62827 Lawrence Brook Suite 217
South Christine, NE 54686"
302,Ann Prince,403.940.2633,joshuaturner@example.com,"USNV Cross
FPO AA 82315"
303,Joyce Thompson MD,001-907-805-3597x326,meganbauer@example.com,"543 Wright Roads
Hubbardstad, KS 84032"
304,Melissa Walker,477-443-6240,sheppardmichelle@example.net,"4552 Rogers Place Suite 229
Guzmanburgh, MH 34075"
305,Antonio Young,303.883.6430,brandonwells@example.net,"40853 Gilbert Park
New Christopherborough, VI 20896"
306,Kelly Bryant MD,741-664-3308,carmencook@example.org,"2203 Cook Islands Apt. 194
Danielshire, MA 43832"
307,Dale Nelson,330-265-7607,juliegriffin@example.com,"247 Nicole Burg Apt. 395
West Williamshire, NV 71630"
308,Barbara Morales,001-454-524-8801x6297,stewartbrett@example.com,"0946 Cynthia Inlet
Curryburgh, AK 20561"
309,Debra Li,775.217.3703,villanuevatimothy@example.org,"3102 Rojas Turnpike Apt. 929
Williamsburgh, IN 72354"
310,Javier Burnett,905-326-6935,hickmankimberly@example.net,"191 Erin Station Suite 060
New Samanthafurt, MD 43402"
311,Robert Ellis,(527)539-4894,mcbrideedward@example.com,"USS Park
FPO AP 87434"
312,David Robertson,+1-324-950-9023,mitchell40@example.net,"798 Michael Manor Apt. 313
South Danielville, VI 49861"
313,William Padilla,331.503.6229x790,fsanchez@example.org,"60510 Dorsey Causeway
East Ryan, OR 36731"
314,Michael Carlson,+1-758-297-6366x530,jodythompson@example.org,"4170 Amanda Junction Suite 903
Jessicaview, PA 34000"
315,Brian Velez,986-400-7203,starkdebbie@example.net,"77861 Ellison Turnpike
New Samuelside, OH 97392"
316,Richard Shepherd,897-622-8493x58358,ssimmons@example.com,"173 Nicholas Springs Suite 883
Lake Ashleytown, NV 16004"
317,Matthew Ramos,767.929.8976x8423,hermanmelissa@example.com,"384 Wiley Shore Suite 393
Ryantown, MS 54833"
318,Ashley Golden,+1-226-897-6919x785,jerry98@example.org,"777 Tracey Groves
Josephmouth, HI 28154"
319,Kimberly Johnson,365.846.2202,jacobsonalicia@example.com,"7424 Anthony Flats Apt. 627
Lake Eric, NV 92831"
320,Mr. Cameron Gardner MD,405-384-9941x050,ocarr@example.org,"90429 Melissa Road Apt. 641
Websterbury, ME 90372"
321,Tina Ortiz,001-236-538-9695x291,hware@example.net,"6897 Woods Corner
Wrightberg, ID 93597"
322,Brooke Dawson,973-925-7318,william57@example.com,"9164 Eric Route
East Jackson, IL 79096"
323,Vanessa Thomas,+1-794-243-7676,maddoxangela@example.com,"110 Murphy Squares Suite 855
North Lisa, TN 87075"
324,Nancy Becker,509.928.4601x3108,karen92@example.org,"1970 Jackson Parkway Apt. 222
West Kara, TX 45510"
325,Dustin Nelson,512-527-8452,ilamb@example.com,"58519 Crystal Walks Suite 852
Reedville, SC 33440"
326,Tammy Pratt,3654402122,eileen30@example.net,"1994 White Views Suite 366
Davishaven, KS 19945"
327,Diana Hill,953-435-9111x7674,garciajason@example.com,"USNV Grant
FPO AE 26550"
328,Sarah Buck,787-676-3662x7588,amandalewis@example.org,"8153 Sandra Course
New Tracitown, SC 86015"
329,Christine Bray,788-763-4225x60417,browngabriel@example.net,"2928 Richardson Curve Apt. 364
Lake Jason, WY 90016"
330,Tammy Campbell,618-562-2510x332,kimberly04@example.org,"8450 Adkins Light
Chelseamouth, LA 48362"
331,Aaron Wright,(760)439-6968,scott92@example.net,"333 Rachel Forks Suite 027
East Ricardo, KY 41699"
332,Victoria Baker,001-224-433-2676x117,jamie63@example.com,"7696 Wood Branch Suite 176
North Meagan, MO 91857"
333,Brent Koch,232-206-3813x536,hernandezsierra@example.com,"904 Christopher Forks Apt. 476
Zamoraberg, ID 72304"
334,Susan Ryan,283.522.9331x906,carlosingram@example.com,"USNV Powers
FPO AE 82877"
335,Christina Wilson,(850)778-2568,deleonyolanda@example.net,"Unit 2662 Box 8693
DPO AA 03873"
336,Susan Edwards,(999)464-1325,andrealong@example.org,"173 May Harbors Suite 294
West Lisa, WV 10848"
337,Kimberly Donovan,(205)704-0947,lucas12@example.com,"413 Davis Passage
Lake Victoria, KS 54901"
338,Heather Bowman,001-708-424-4801x3592,robinsonjill@example.com,"85829 Allen Path Suite 280
Juliefort, MA 43021"
339,Mary Jimenez,5342257352,evan59@example.com,"16603 Douglas Forest Suite 249
Moniquemouth, LA 20443"
340,Brian Lopez,+1-960-704-9687,alexis20@example.net,"USNV Bowen
FPO AA 91744"
341,Karen Smith,(348)536-6326x8919,amcdonald@example.net,"7345 Debra Ways
Port Karen, MH 55822"
342,Nicole Walker,674.758.0978,john99@example.com,"816 Madison Point Apt. 656
North Crystalborough, NY 25430"
343,Mrs. Kimberly Lawrence,856-665-7867,christopher65@example.net,"714 Sawyer Coves Apt. 235
South Joshuafurt, DC 44467"
344,Brian Martin,509.250.2321,fmcmillan@example.net,"9619 Liu Street Suite 334
Coxburgh, WI 12138"
345,Joseph Roman,+1-734-469-7409x790,johnknight@example.com,"USS Barron
FPO AA 59002"
346,David Adams,001-456-410-4353x91639,andrewhodge@example.org,"01375 Steven Corner Apt. 504
Christopherside, OH 41407"
347,Patricia Soto,450.882.2551x5569,josephdunn@example.org,"9021 Robert Squares Suite 436
West Leahfort, SD 56644"
348,Katherine Cannon,920.418.7118x4602,nmiddleton@example.org,"248 Cindy Squares Apt. 491
Jonesmouth, WA 24095"
349,Rebecca Johnson,5087132624,manningdylan@example.net,"378 Bailey Shores Apt. 903
Port Roberta, NE 53567"
350,Angela Martin,+1-584-528-7488x0357,suttonpatrick@example.com,"PSC 1775, Box 1520
APO AP 87772"
351,David Perez,823-445-4796,kellyhughes@example.com,"38610 Burton Street
South Ariel, TX 99265"
352,Kevin Roberts,001-864-592-0657x2222,dianareyes@example.net,"4786 Peter Brooks Suite 358
New Jared, NJ 30345"
353,Aaron Nelson,927.906.5709,xphillips@example.com,"65171 Wade Pines
Port Peterhaven, OH 31086"
354,Cody Myers,+1-698-309-5719x404,ronaldcampbell@example.com,"79080 Newman Locks Suite 022
Tracyport, TN 62971"
355,Raven Garcia,+1-505-248-6939x986,tomowen@example.net,"629 Brandy Isle Suite 539
West Patrick, WI 11201"
356,Danielle Romero,001-395-348-1069x794,youngfranklin@example.com,"019 Anderson Island
North Michaelville, AL 87125"
357,Nicole Rhodes,+1-633-520-8588x323,lorithompson@example.net,"777 Rubio Union
Jamesmouth, OH 28258"
358,Lori Williams,+1-695-916-2815,amberpierce@example.net,"0316 Benjamin Harbor
East Brendaport, MN 90809"
359,Joseph Harris,6008906527,jacquelinecooper@example.org,"8943 Pacheco Streets Suite 763
East Amber, SD 06272"
360,Ashley Wilson,2764973623,antonio46@example.net,"54112 Saunders Causeway Apt. 071
Port Johnhaven, DE 52678"
361,Tammy Anderson,(316)607-4895x7840,michael42@example.com,"6015 Woods Centers Apt. 560
Oliverside, OH 67442"
362,Tyler Torres,360.585.6317x055,kristinajackson@example.net,"614 Lisa Underpass Suite 794
Timothychester, WV 99046"
363,Hailey Garrett,+1-327-430-5155,annasmith@example.com,"7387 Joshua Unions
North Ashley, MO 81680"
364,Samantha Lewis,+1-846-560-6430x6920,jamielee@example.org,"0975 Gregory Flat Apt. 871
South Williamtown, GU 94206"
365,Guy Mcknight,8722728780,obrienmary@example.com,"52372 Theresa Corner Suite 942
Staceyfort, CA 44091"
366,Samuel Warren,840.624.1050x6396,kmiller@example.net,"78794 Chandler Spur
West Shawn, KY 37705"
367,Anne Sanders,(592)381-2474x36271,david78@example.com,"402 Peter Terrace Apt. 543
West Davidtown, NM 96020"
368,James Williams,001-533-413-7309x425,walkernatalie@example.com,"33377 Jennifer Junctions Apt. 969
Thomasland, PW 89332"
369,James Foster,726-392-9604,michaelellis@example.net,"418 Oneill Mount
Lake Marilyn, NM 81301"
370,Mark Lester,001-367-934-0471x500,cameron37@example.com,"765 Scott Vista
Lake Danielle, CO 42924"
371,Robert Abbott,001-915-472-7680x63859,tracyevans@example.com,"5857 Wendy Flat
Heatherview, HI 45066"
372,Richard Zuniga,972.949.5215x90748,seanmullins@example.org,"0764 Johnson River
Burnsstad, FL 37509"
373,Glenda Burns,(303)721-6293x435,derek76@example.net,"6826 Tammy Squares
West Christineborough, AS 26845"
374,John Medina,6778683020,rhonda33@example.org,"476 William Parkways Apt. 285
Anthonyport, SC 41175"
375,Frank Wells,817-872-7600x707,holtrobert@example.net,"481 Padilla Walk
Carolynberg, NE 50882"
376,Shannon Combs,914-549-7904,georgecarpenter@example.net,"389 Joshua Creek
Kristenside, CO 86668"
377,Marcus Washington,(670)415-6690x384,bhoover@example.com,"441 David Inlet
Ericport, MT 63135"
378,Chelsea Harris,2113535465,wchen@example.net,"001 Harris Mountains Suite 940
East Tammystad, KS 90922"
379,Amanda Sanders,+1-319-408-3350x8564,ralphbishop@example.com,"96269 Sandoval Flat
East Rachel, NV 14375"
380,Robert Peters,396.598.3829,joshuahenson@example.net,"21882 Anthony Creek
Kristyview, OK 24552"
381,Bonnie Keller,351.457.4601x793,kenneth25@example.org,"44641 Jeremy Manor Suite 706
New Andrea, VA 91543"
382,Kristin Wong,(536)976-0043,crobertson@example.com,"114 Stephanie Mountains Apt. 473
Lake Amanda, PA 83518"
383,Ronald Allen,+1-621-231-7178x5255,johndavis@example.org,"11216 Michael Tunnel Apt. 545
New Ronnie, OK 13286"
384,Sherry Logan,231-360-5146x9061,nfisher@example.net,"949 Williams Wall Suite 838
Prattport, DE 11860"
385,Patricia Alexander,001-732-350-5924x547,xgraham@example.net,"294 West Avenue
East Jill, MD 64601"
386,Angela Scott,704.535.3346,lopezjacqueline@example.net,"5941 Mann Curve
North Ashley, MO 83297"
387,Patricia Lindsey,(876)590-0513x279,lloydkatherine@example.net,"5866 Frank Lock Suite 344
Port Phillipchester, AS 53617"
388,Mary Mack,(435)665-2822,blankenshipvictoria@example.net,"0207 Jennifer Forge
Gomezberg, NM 60322"
389,Robert Maldonado II,001-379-831-2752x4587,jameswright@example.com,"972 Nicholson Port Suite 570
Smithshire, MS 78872"
390,Carol Adams,7368375746,leslie79@example.org,"968 Jessica Spurs
Port Robertfort, AR 02990"
391,Jessica Murphy,+1-335-917-5390x350,michael32@example.net,"7194 Miller Streets Apt. 578
New Stacy, SC 04068"
392,Michelle Lee,+1-620-839-6630,williambarber@example.org,"587 Zachary Squares Suite 157
Palmerton, PA 39230"
393,Jennifer Sutton,2849082873,buckkimberly@example.com,"182 Amy Hill Apt. 044
Weissmouth, AS 78072"
394,Mark Murphy,777-862-5655x5239,amber77@example.com,"21698 Cardenas Lane
Kevintown, LA 19057"
395,Morgan Simpson,9077983081,xwhite@example.net,"672 Vincent Ways
East Theresa, FL 29231"
396,Tracy Ortiz,516.363.0731x23138,cookheidi@example.com,"91799 Smith Meadow
South Jason, UT 60678"
397,Jennifer Larsen,928.633.9614,michelle35@example.com,"88373 Denise Spurs
North Lisaside, PW 25655"
398,Kevin Blair,+1-913-435-6969,turneraaron@example.com,"USNS Miller
FPO AA 16763"
399,Jacob Smith,875.384.9686,davidbautista@example.org,"USNV Mccann
FPO AP 59374"
400,Mary Hartman,(997)808-9292x6859,nkane@example.org,"74276 Ryan Flat Apt. 240
Traceyport, CT 09314"
401,Richard Santos,001-422-819-4335,benjaminclarke@example.com,"1876 Yang Village
Benitezside, RI 98392"
402,Henry Sullivan,(624)681-3993x771,natasha59@example.com,"319 Gardner Vista Apt. 728
Braychester, AZ 94802"
403,Sherry Thompson,+1-898-464-3104x10622,travisfowler@example.com,"1537 Porter Crossroad
West Stephen, OH 46943"
404,Marc Barron,701.429.2675,tammywilliams@example.net,"1563 Campbell Crossroad Suite 546
East John, LA 77399"
405,Barry Wright,(728)219-9001x971,christopher04@example.com,"8500 Moore Shore
West Brian, NV 92995"
406,Arthur Austin,(293)606-2185x749,ihall@example.org,"0207 Lin Ferry Apt. 228
New Brandonville, RI 41804"
407,Casey Mcmahon,(754)729-0359,velezjose@example.net,"PSC 6361, Box 7982
APO AP 63244"
408,Shirley Wall,735-932-7723x88849,johnsonshawn@example.com,"03532 Timothy Mountains
North Deanna, VA 59870"
409,Nicole Hodges,479-893-9481,edavila@example.com,"8309 Michael Route Apt. 950
Carlsonville, VI 56745"
410,John Peterson,+1-949-508-8000x9505,summerstonya@example.org,"958 Douglas Locks Apt. 532
Martinfurt, DE 14693"
411,Sharon Miller,001-436-745-1221x5089,jasonnguyen@example.net,"4074 Jennifer Crescent Suite 222
Susanchester, MN 02357"
412,Timothy Murillo,666-496-4697,chris22@example.com,"88943 Charles Port
Port Ashley, MT 32708"
413,Maria Chase,001-300-878-3600x933,martinsandra@example.com,"781 Jeff Garden Apt. 567
Harrismouth, VI 44327"
414,Benjamin Moore,248.864.4259x336,prestonwilliams@example.org,"5165 David Streets
Bishopton, MD 40641"
415,Leslie Brown,465.206.6043,jamie86@example.net,"74166 Benjamin Village
Robertville, MA 84408"
416,Joseph King,+1-702-464-7221,murphyjohn@example.org,"7987 Thompson Junctions
Cesarview, AZ 18665"
417,Alicia Lopez,898.229.8702,susan37@example.net,"16788 Bishop Path
West Frank, LA 13296"
418,Jonathan Mosley,506.299.9175x838,james14@example.org,"01483 Stewart Streets Suite 602
Lopezport, NV 45763"
419,Ronald Brown,348.333.9078,kmcbride@example.net,"3647 Melinda Flats
Grahamstad, OK 83045"
420,Gregory Thompson MD,(548)606-0858,matthew79@example.net,"316 Amy Bypass
Port Michael, VI 66073"
421,Joshua Carroll,567.937.9475x7216,mturner@example.com,"7275 Jones Stravenue
Port Stephanieview, MH 35769"
422,Cory Howard,948.541.8241x4590,yolandaduncan@example.org,"88569 Ray Spring Apt. 489
East Jacob, AS 31167"
423,Vanessa Morales,382-234-3626,zlopez@example.net,"0052 Richardson Tunnel Apt. 440
North Caitlynchester, AR 18956"
424,Jeffrey Hughes,001-398-749-6517,marymeyer@example.net,"34853 Mary Ferry
Michaelstad, RI 65915"
425,Jeffery Phillips,+1-355-923-6661x78525,wdavis@example.com,"703 Penny Prairie
Johntown, GU 92015"
426,Jason Logan,(207)455-5752x524,robertwilson@example.com,"6410 George Terrace
North Amyfort, AL 62320"
427,Aaron Lee,652.961.0828x458,oduran@example.com,"2611 Sanchez Expressway
Port Darinfort, OH 29062"
428,Jason Williams,(450)972-0685x27085,shannon28@example.com,"418 Graham Land
Margaretfurt, ID 83000"
429,Terry Smith,780-541-8255x7199,anthonyteresa@example.net,"6002 Lopez Stream
Valdezshire, NM 15642"
430,Robert Wilson,632.262.9426x4464,crystal99@example.org,"9214 Sara Way
Burgessport, OR 10960"
431,Mr. Kyle Sanchez DDS,+1-629-996-2966x12347,lisa64@example.org,"146 Munoz Valleys
Catherineberg, KS 56620"
432,Megan Hernandez,001-973-849-7580x8056,josephmoses@example.net,"7193 Green Plains
Lake Richardtown, GA 48190"
433,Travis Coffey,+1-466-434-9098x6782,whodge@example.net,"9681 Poole Camp
Adamtown, WA 46081"
434,Lindsey Thompson,463-694-7675,cheryl57@example.net,"48036 Stewart Groves
Port Danielfurt, MT 77958"
435,Christopher Giles,(746)523-0253x38028,suttonkeith@example.net,"941 Randy Street
South Kellyland, FL 21950"
436,Meghan Turner,001-290-704-9853x06977,jennifermiller@example.net,"97305 Benjamin Way Apt. 932
Ashleyhaven, DC 32046"
437,Teresa Scott,906-680-4228,katie12@example.com,"231 Sherry Walks Suite 809
East Angelaville, TX 47693"
438,Vincent Gomez,538.699.7118,burnettbrittany@example.org,"2680 Jared Locks
West Brian, ID 75144"
439,Melanie Armstrong,+1-648-672-4075,natasha73@example.net,"70805 Richards Port Suite 340
Thompsonstad, VA 10874"
440,Brent Conway,703-934-1232x19057,gcampbell@example.net,"29782 Taylor Mountain
North Melaniehaven, AK 44899"
441,Robert Castro,001-399-572-7561x7597,montesdavid@example.com,"7856 Matthew Pines
Brownfort, FM 22988"
442,Devin Schmidt,(879)964-7766x81191,bfoster@example.com,"92674 Sheppard Prairie Apt. 680
Haleview, GU 41499"
443,Jesus Garcia,001-452-646-0191x3767,amber79@example.com,"7702 Zhang Field Apt. 250
Walkerchester, FL 74025"
444,Dr. Aaron Mitchell MD,+1-700-760-8360x816,rhanna@example.net,"3175 Jocelyn Parkway Apt. 534
North Larrychester, NH 25080"
445,Raymond Carlson,825.639.0360,walshwendy@example.org,"652 Andrews Route Apt. 432
Beasleyfort, PA 02686"
446,Andrew Hicks,591-765-9754,ywilson@example.com,"819 Jackson Spring
Sullivanberg, OH 79087"
447,Tanya Myers,692-924-8069,schwartzjeremiah@example.net,"81107 Torres Vista Suite 465
Vincentchester, IN 48036"
448,Susan Smith,+1-897-469-8968,kimberlystewart@example.com,"2886 Carl Street Apt. 978
East Tara, MH 92147"
449,Juan Smith,749-596-5538,markholder@example.net,"38867 Karl Overpass
North Cheyenne, AS 10949"
450,Terry Taylor,867.657.7913x368,scottrenee@example.com,"1645 Holmes Crossroad Apt. 233
Frankview, MN 15843"
451,Nicholas Jackson,609-448-7205x7122,ystewart@example.org,"58104 Boyer Loop Suite 852
New Anthonyberg, AS 65099"
452,Shannon Jones,001-876-479-5770,twade@example.com,"9426 Jason Mews Suite 484
Port Michelle, PA 89181"
453,Amber Raymond,555.519.6792,ryan41@example.com,"24675 Connor Isle Suite 674
Schwartzfurt, AR 89321"
454,Matthew Donaldson,(773)642-9111x57890,jamescline@example.net,"34473 Paige Point Apt. 308
East Jessicaport, MP 08562"
455,Autumn Martin,735-547-3227x9740,barkercarlos@example.org,"1783 Burnett Vista
North Davidville, NY 77901"
456,Jessica Morris,(540)326-4691x319,ljones@example.org,"USNS Howard
FPO AP 95951"
457,Christopher Williams,001-565-619-0146x446,jonathonlloyd@example.net,"114 Anna Plain
West Philip, KY 22761"
458,Kristine Moore,001-963-440-1730x2337,ldavidson@example.com,"22769 Perez Hollow
Fowlerton, LA 80344"
459,Nathan Garza,(330)628-9631,sandragould@example.org,"USCGC Smith
FPO AA 31402"
460,Brittany Rogers,905.389.1653x717,tara54@example.com,"71011 Johnson Garden
West Tammy, AR 39704"
461,Shane Charles,(440)735-7967x4579,russelljohnson@example.net,"4268 Savannah Lane
South Sarahland, KS 57648"
462,Angela Riley,711-471-0775x6288,xcollins@example.org,"30211 Richard Falls Suite 521
Millerside, WA 20286"
463,Sara Baker,903-817-5457x740,aaronpierce@example.com,"0258 Humphrey Squares Apt. 847
Aaronberg, NE 44875"
464,Amber Donaldson,(316)703-7198,hernandezlance@example.org,"PSC 6246, Box 8148
APO AP 58879"
465,Sarah Cobb,(450)370-7546x1438,kelleymisty@example.com,"0923 Amy Crest Apt. 691
Micheleborough, GA 73896"
466,Brittany Gibbs,+1-858-491-9889x60597,kfletcher@example.net,"359 Walker Lock Suite 102
New Drewport, TN 52092"
467,Richard Marsh,685-770-5181x022,foconnor@example.org,"459 Gallegos Wall Apt. 070
West Tina, NY 57563"
468,Kelli Christian,227.998.0146,sandranguyen@example.com,"401 Smith Walk
East Carl, AL 72112"
469,Danielle Miller,298.364.5426x2271,kwilkinson@example.com,"2269 Gina Inlet
Sawyerland, TN 61697"
470,Matthew Randall,333-629-5196x27495,simpsondorothy@example.net,"029 Angela Knolls
Lauraburgh, OK 55201"
471,Maria Castro,316-754-9118,edominguez@example.org,"6009 Haley Cliff
East Karen, ID 90791"
472,Cory White,(524)222-3575x0078,andersonolivia@example.org,"932 Oliver Spurs
Williamsonside, FM 94989"
473,Robin Hart,5263596707,jeremy26@example.com,"8425 Thomas Ford
North Jennifer, AK 66470"
474,Joanna Barber,472.277.7590,sandra20@example.net,"0696 Clayton Wall Suite 567
Anthonyborough, MS 74243"
475,Jessica Williams,6066913653,tonyadavis@example.com,"8029 Sanders Alley Apt. 534
New Timothyside, ND 98637"
476,Jason Morales,(727)824-0674x666,lucasbell@example.org,"1797 Jeffrey Street Apt. 502
Waltersbury, ME 11919"
477,Deborah Arroyo,668.541.1588,brandonbowen@example.org,"122 Melissa Forks
Kathyburgh, WA 63825"
478,Craig Warren,(358)535-7953x71997,dtrujillo@example.net,"515 Ali Route
Heatherfort, NE 46443"
479,Ann Brown,759-303-2780x34736,joshualawrence@example.org,"826 Obrien Port
South Jeanbury, NE 19524"
480,Joyce Wallace,+1-494-718-9031x7960,velasqueztamara@example.com,"429 David Green
Port Jessica, OR 72291"
481,Lisa Thomas,881-852-3304x67444,yjohnson@example.com,"03010 Nancy Valleys Apt. 124
Taylormouth, PA 08789"
482,Jonathan Walker,(718)654-4420x07200,daltontony@example.org,"USNS Whitehead
FPO AA 77614"
483,Luke Wells,280-653-1555,zjohnson@example.com,"8461 Nancy Roads Suite 868
North Valerieshire, PW 44586"
484,Walter Griffith,527.200.0101,huntjesus@example.net,"6160 Justin Dale
Johnberg, IN 26999"
485,Dominique Maynard,(802)355-6385,matthew60@example.com,"073 Tucker Course
North Jasonport, OK 96723"
486,Jose Mooney,(723)242-9578x8524,raguirre@example.com,"3045 Gibson Extension
South Paul, IA 23622"
487,Donna Macdonald,001-985-356-0415,kfisher@example.net,"31280 Charles Brooks
Allenland, PR 20177"
488,Nancy Sweeney,+1-920-824-5452,michaelmann@example.net,"5212 Stevenson Villages
Heatherburgh, AZ 66893"
489,Brenda Davenport,(419)233-9775,ejohnson@example.com,"848 Cameron Forge
Montgomeryfort, AL 55018"
490,Robert Larson,(595)643-7767,matthew80@example.org,"141 Angela Highway Suite 315
Carlosport, MO 01128"
491,Jason Robinson,647-229-8485x6588,lmiller@example.com,"243 Stafford Glens Suite 216
Hayesview, NH 75317"
492,Miguel Smith,403.832.3381,michaellopez@example.com,"52785 Davis Plaza Apt. 654
Smithtown, GU 08983"
493,William Wong,448.684.3296x89175,sandersmichelle@example.net,"23300 Carter Shores
New Austinberg, CO 43672"
494,Connie Whitehead,001-671-347-5766x33927,pdunlap@example.net,"13802 Mcdonald Street
Tammyside, MH 18511"
495,Jonathan Miller,(536)424-4790x565,taylorroger@example.org,"PSC 1258, Box 4484
APO AE 60039"
496,William Rodriguez,001-914-224-6874x279,isabellamann@example.net,"26390 Joy Way
East Hannah, MP 79095"
497,Aaron Gonzalez,+1-630-666-7803x246,tracy65@example.com,"276 Nelson Extension Suite 769
Walterview, AZ 58651"
498,Eric Hebert,615-773-6659x193,melissa30@example.org,"3712 Lindsay Overpass Apt. 401
North Philip, ID 61828"
499,Isaac Kim,(994)832-1034x88811,wkeller@example.org,"121 Tiffany Place Apt. 854
Karamouth, TN 85965"
500,Patricia Mayer,644.524.2395,alexruiz@example.org,"7602 Rosario Drive Suite 484
New Shanefort, NY 86000"
501,Douglas Lucas,695.412.5819x86124,geraldyoung@example.net,"4464 Greg Vista
Justinbury, MS 16129"
502,Dylan Miller,001-447-323-7894,lwhite@example.org,"3379 Walsh Parkways Suite 091
Calvinhaven, GA 61955"
503,Terry Ramirez,+1-342-463-7460,xfowler@example.net,"1348 Perry Alley
Stephenmouth, VI 35843"
504,Katelyn Welch,(333)858-2165,brownbenjamin@example.net,"963 Chapman Run Suite 230
South Jademouth, AS 73860"
505,Taylor Rogers,5202181130,chad17@example.com,"1919 Christopher Passage
Campbellshire, NJ 64273"
506,William Morris,+1-415-672-2600x74803,rmarquez@example.org,"811 Mario Lodge
South Samanthamouth, AR 49160"
507,Susan Best,+1-573-785-1303,rebecca37@example.com,"7939 Joseph Dam Apt. 433
Lake Diana, CT 71548"
508,Barry Leblanc,+1-488-324-1839x712,sullivanchelsea@example.com,"6502 Matthew Canyon
North Brooke, AL 54439"
509,Ashley Lee,943.493.4537x113,jeremy03@example.com,"62559 Justin Estates
New Gabrieltown, PW 80099"
510,William Logan,891-718-7151x9181,johnhughes@example.com,"44098 Melendez Fall Apt. 813
New Robert, MI 76065"
511,Christina Carter,637.218.6195,garciateresa@example.org,"196 Jones Circle
Joshuaborough, CT 45132"
512,Robin Reed,458.643.3542x06122,coopermark@example.net,"87873 Reyes Passage
Crawfordville, DE 33332"
513,Stephen Williams,+1-661-986-8574x010,nicolemiller@example.com,"6500 Murphy Plain Apt. 640
New Sarahhaven, FL 96920"
514,Brent Short,298.340.5624,bcohen@example.org,"1036 Welch Via
Carolynfort, ID 31840"
515,Kara Fields,(903)932-8748x661,erin83@example.org,"PSC 7403, Box 4145
APO AA 36900"
516,Grace Richard,+1-749-385-8100,linda74@example.net,"424 Hancock Streets Apt. 423
Nicholaston, WV 35259"
517,Gregory Cole,555-721-9294x08419,blanchardsarah@example.org,"804 Arroyo Island Apt. 919
North Kristy, AL 07138"
518,Benjamin Daniel,(568)318-5440x7736,jacksonlynn@example.org,"5104 Alexis Well
Lake Teresa, AL 82712"
519,Ashlee Sanchez MD,+1-712-366-8519,patrick82@example.org,"016 Catherine Curve Suite 124
Burnettshire, GA 97201"
520,Derek Moore,278-221-5578,kathycampbell@example.com,"8365 Allen Extension Apt. 058
Hammondview, IN 54921"
521,Ruth Johnson,+1-264-473-8853x43310,stacy08@example.com,"8657 Heather Flat
Carolynside, NE 12583"
522,Lori Clark,001-280-815-2670,jeffrey11@example.org,"3571 Harris Summit
Port Timothy, SD 93351"
523,Lori Frye,3407646844,ipeterson@example.com,"24369 Bradley Harbor Apt. 609
Navarroside, UT 53923"
524,Mr. Jesse Zimmerman,+1-309-463-7691x10035,regina00@example.net,"7274 Castaneda Knolls Apt. 701
Lake Robertland, SC 41916"
525,Cody Rojas,(608)507-4766x33163,morselee@example.net,"27467 Danielle Tunnel
Stevenfort, NY 70449"
526,Suzanne Smith DDS,238-348-3571x1159,ddrake@example.org,"058 Richard Ridges
Mistybury, MP 92820"
527,Melissa Wells,(373)210-7593x468,generamirez@example.org,"37974 Rodney Trail
Deborahport, MO 16932"
528,Maria Turner,(760)287-2760x97763,kmitchell@example.org,"911 Steven Loop Suite 448
South Bridgetbury, IN 96988"
529,Sandra Adkins,674-700-0185x741,meganwagner@example.net,"9394 Austin Drive Apt. 438
East Rogerborough, TX 28292"
530,John Hunter,001-315-211-3984,freemandylan@example.net,"35864 Castillo Valley Suite 281
New Eduardo, ND 57734"
531,Ian Munoz,+1-391-801-5176x50968,asutton@example.net,"8300 Beck Lodge Suite 173
West Tracy, DC 79780"
532,Lisa Boyd,233-565-9853,dayers@example.com,"40570 Melinda Drive Apt. 111
Michaelfort, VT 16106"
533,Miranda Sharp,(539)614-1858,epruitt@example.com,"0789 Nelson Loop
Charlesville, WI 52558"
534,Sabrina Larsen,377-748-4544x99625,galvankimberly@example.com,"0167 Andrew Falls Suite 631
Webbmouth, ME 49820"
535,Katie Gonzales,+1-812-984-3179x70883,scotthood@example.net,"558 Allen Prairie Suite 705
West Brittney, OK 89585"
536,Matthew Dickerson,(684)601-0077x3950,kristycopeland@example.com,"34320 Elaine Ports
Millerbury, NE 36064"
537,Whitney Moore,492.719.5911x1055,jlong@example.org,"044 Mcdonald Crest
Campbellmouth, KY 27522"
538,Elizabeth Palmer,549-632-3217,tracyvaughn@example.org,"7354 Jacob Glen
New Nicholas, MD 82449"
539,Jason Keith,(919)662-7844x0493,chad90@example.net,"142 Allen Landing
Jamiemouth, WV 18954"
540,Christy Smith,001-229-690-2319x5990,zgreen@example.org,"28605 Stephen Stravenue Suite 054
Williamsfort, UT 71699"
541,Ronald Strickland,968.329.8703x43365,huntscott@example.org,"7040 Nichols Tunnel
Margaretstad, MO 69449"
542,Andrew Sims,(771)440-3440,jeremy73@example.net,"1837 Stephanie Square Apt. 045
Whiteport, MH 19946"
543,Maria Schultz,839-687-2553,john17@example.net,"15712 Kathleen Spurs
Ayalaland, OH 72540"
544,Sophia Guzman,644-274-6131x24272,wheeleredward@example.org,"0405 Grant Trail Apt. 112
Smithland, UT 14873"
545,David Watkins,296.335.0548x1731,rosssandra@example.com,"38376 Snyder Fall Apt. 031
Lauramouth, OH 66420"
546,Jerry Willis,001-441-662-3157x893,qross@example.com,"7163 Lindsey Ports
Rodriguezland, AL 35563"
547,Jacob Lewis,999-464-2446,johnsonlauren@example.net,"8503 Brown Circles
East Robert, NC 52831"
548,Carrie Fischer,001-229-682-5318x5948,william48@example.net,"178 Allen Roads
Wilkinsonchester, ID 10827"
549,Michelle Johnson,805.551.2452,xsullivan@example.org,"Unit 6107 Box 4013
DPO AA 29321"
550,Robert Baker,+1-544-769-6895x2957,hallkevin@example.net,"3235 Raymond Divide Suite 016
West Ericmouth, OH 75242"
551,Jerry Harris,333.887.6148,wattscourtney@example.com,"3377 Carol Street Apt. 684
North Jamesshire, NC 32038"
552,Rachel Shepherd,(259)615-6315x2168,cmason@example.org,"721 Logan Overpass Apt. 224
Port Kristinfort, AS 99702"
553,Jonathan Green,+1-319-499-6924,stuart40@example.org,"2441 Jessica Flats Apt. 833
East Dana, PR 32967"
554,Heather Avila,001-210-578-2948,florescameron@example.net,"785 Sarah Brook
North Gregoryside, KY 44786"
555,Sharon Jenkins,(294)852-2052x8251,markhall@example.org,"43874 Peterson Via
Port Samantha, ME 58700"
556,Edward King,328.315.7210x54008,whitedarryl@example.org,"483 Mary Lock Suite 579
South Aaronberg, WV 88953"
557,Robert Oliver,(321)203-6478,daniel04@example.com,"31680 Chandler Pine Suite 141
Jaystad, MT 27767"
558,Sharon Moyer,984-515-7010,mdavis@example.com,"989 Crystal Coves Suite 377
Bassview, VT 66632"
559,Leonard Roman,534-782-7212,david42@example.com,"10959 Henry Streets
Amyside, ME 66497"
560,Jeffrey Walker,397.313.1226,christopherthompson@example.com,"696 Brown Shores Apt. 256
Rhodesbury, OK 69848"
561,Shawn Knox,3089413371,kimberlyhenderson@example.org,"67989 Sarah Meadows Suite 230
New Nicoleburgh, WV 11435"
562,Keith Morris,884-501-0998x2240,shanearmstrong@example.com,"68000 Nicholas Fields Suite 284
Stephenton, MP 34542"
563,Janice Chandler,+1-769-281-3256x032,slevy@example.com,"USS Thompson
FPO AE 82726"
564,Donna Mitchell DDS,001-686-599-6087,ejohnson@example.org,"083 Cook Prairie
Lake Karenfort, HI 64146"
565,Michael Bauer,(727)434-0861,mcruz@example.net,"63217 Anderson Haven Suite 959
New Christine, UT 66871"
566,Travis Dennis,+1-482-488-8034x98806,owilliams@example.com,"1898 Michael Ford Suite 984
Adkinschester, OK 35161"
567,Jeremiah Hammond,+1-506-840-2441x80570,ortizcrystal@example.com,"51114 Christopher Road
Tiffanyland, AZ 22225"
568,William Ford,419-700-5414,mtran@example.net,"2078 Estrada Isle Suite 071
Tapiaside, SD 04445"
569,Robert Hodges,(757)608-0244x688,derrick00@example.com,"755 Parrish Keys Suite 857
Port Sharistad, ID 16016"
570,Brittany Perez DDS,366.601.8836x62455,jacksonjames@example.org,"182 Brown Ports Suite 252
Zacharystad, MP 76633"
571,Barbara Mueller,001-477-367-0426x4989,gkerr@example.net,"67383 Alexander Underpass Apt. 536
Markside, TX 27511"
572,Victoria Miles,(722)850-5906,smahoney@example.org,"651 Tammy Grove Suite 893
Joshuaton, AL 53952"
573,Michael Higgins,+1-435-953-4962x0130,caroline44@example.net,"75002 Barbara Meadows
Amytown, DC 32813"
574,Ryan Jennings,+1-981-531-4341x212,tammybarron@example.com,"26994 Charles River Suite 557
Brentport, MA 19987"
575,Hannah Phillips,556.726.9014x4609,bethgregory@example.org,"60495 William Causeway Apt. 726
Dennisshire, VT 35732"
576,Timothy Woodard,580-248-6696x27462,joelglenn@example.net,"67141 Chelsea Lodge
South Jeffreyhaven, SC 40010"
577,Ruben Hicks,359.528.5067,floresmelissa@example.com,"343 Robert Springs Suite 095
Washingtonmouth, TN 13684"
578,Susan Welch,+1-765-474-2809x5641,nevans@example.org,"34080 Sarah Mountains
Lake Leeshire, VA 29790"
579,Shannon Fox,+1-547-974-4863x6298,lindsayharrington@example.com,"3860 Joseph Course Suite 435
Mirandaville, IL 15579"
580,Tammy Lang,+1-933-880-1681x654,andres44@example.org,"USNV Williams
FPO AP 57981"
581,Daniel Dalton,8978071360,nlopez@example.net,"14060 Zachary Groves Suite 727
Montgomeryborough, MA 85411"
582,Savannah Peterson,428.547.8194,dukeerin@example.net,"Unit 1655 Box 4561
DPO AE 79116"
583,Catherine Obrien,471-440-8790x585,christopher50@example.com,"386 Dorsey Spring Suite 381
Williamfort, OK 15874"
584,Thomas Carter,+1-482-792-2311x6959,franklittle@example.com,"909 Derek Squares Apt. 158
East Brandonfurt, AZ 56095"
585,Ian Russell,001-382-811-4295x1000,amy66@example.com,"6068 Marvin View
Kimberlyland, SC 83020"
586,Melissa Rich,(218)351-1762,wanda94@example.org,"22989 Brown Stream Apt. 841
East Jennifer, FM 35169"
587,Jerry Fox,001-957-286-4277x32438,williamsrichard@example.net,"43944 Carlson Trafficway
Lozanomouth, NC 30454"
588,Luis Alexander,9408578328,tamara89@example.net,"45374 Gates Track Suite 543
Lake Jasonbury, RI 65666"
589,Angela Reyes,(800)901-0934,lneal@example.org,"234 Ortiz Rapids
Diazstad, GU 31525"
590,Michael Johnson,7958507816,tanyaswanson@example.org,"3343 Tammy Court Suite 491
Port Brandyside, RI 27403"
591,David Watts,764-609-1244x6459,qknapp@example.org,"52403 Harrison Burgs
Alexborough, WI 49626"
592,Ricardo Franklin,812.682.2812x066,sarahlarsen@example.org,"191 Dixon Via Apt. 718
Michaelmouth, OH 65696"
593,Barbara Davidson,+1-817-717-2224x764,santiagoshannon@example.com,"52671 Proctor Summit
Ericbury, WA 02104"
594,Michael Clark,373-384-7511,zwilliams@example.com,"556 George Via
Port Danielborough, RI 53933"
595,Cynthia Brown,(244)693-3255,ryan61@example.com,"201 Lauren Burgs Apt. 730
Medinatown, MD 32741"
596,James Ruiz,(214)612-5322x46725,lewisdaniel@example.com,"147 Quinn Causeway Apt. 160
North Angelbury, NC 09456"
597,Timothy Martinez,+1-637-679-0659x5146,mjones@example.net,"2017 Stacy Brook Suite 620
South Yvonneberg, AL 61658"
598,David Malone,+1-984-846-3665x815,dlutz@example.org,"57251 Trujillo Isle Apt. 719
East Hollyview, NH 22935"
599,Jennifer Thomas,+1-496-643-7588,denise84@example.com,"9551 Brenda Cliff
Andrewton, WV 35729"
600,Cynthia Hoover,+1-878-421-0676x196,aprilmiller@example.com,"75189 Black Bridge
North Kellyport, KY 41973"
601,Eric Thomas,802.275.7639x707,flarson@example.net,"015 William Way Suite 208
Morenostad, MP 31079"
602,Kelsey Thomas,001-504-588-3827x59039,brett14@example.com,"USCGC Lewis
FPO AP 56414"
603,Morgan Davis,435.508.1831x212,tinabrennan@example.org,"3429 Antonio Field
Amandaton, CT 70641"
604,James Day,001-506-430-1824x59477,jessemiller@example.net,"45076 Timothy Harbor Suite 190
Walkerbury, MT 05538"
605,Mark Martinez,315.750.7180,jason43@example.com,"002 Jenkins Manor
Jenniferfurt, FM 98834"
606,Matthew Gonzales,994-538-6094,margaretzimmerman@example.net,"5829 Carroll Shores Apt. 947
South Stacyshire, FM 47003"
607,Tristan Boyer,353-627-4177x980,donaldhowell@example.com,"48789 Jeffrey Walk Apt. 502
Calebton, RI 19642"
608,Jeffery Dominguez,+1-645-709-0097x45464,torrespatricia@example.com,"4385 Clark Manors Apt. 606
Ruizbury, OH 09804"
609,Duane Levine,+1-288-626-9906,alexisthomas@example.net,"76410 Cruz Plaza Suite 698
East Maria, FL 88491"
610,Robin Brown,904.891.9915x5847,allenbrown@example.net,"689 Jose Station
Bethborough, GU 84593"
611,Ashley Khan,(870)856-8835,ashleymorgan@example.net,"PSC 0459, Box 8516
APO AA 01540"
612,Brandi Olson,332.349.3774,justin09@example.org,"18729 Phillips Port
East Annaside, RI 46073"
613,Ashley Alexander,(898)763-1230,telliott@example.com,"15303 Henry Garden
Bryanside, MH 56530"
614,Luke Wood,+1-526-516-7066x708,tiffanyflores@example.net,"835 Arnold Prairie
Christensenport, AK 29422"
615,Christopher Holmes,+1-278-502-1586x56527,watsonkimberly@example.com,"4151 Moore Way
North Connieshire, VT 55315"
616,Heather Greene,(485)646-6583x0492,shawtonya@example.net,"107 Wright Rapids Suite 658
East Wendychester, NJ 26687"
617,Deborah Tanner,725.799.8929,dmaxwell@example.com,"9335 Sonia Manors Apt. 649
Nolanstad, NE 92550"
618,Susan Jones,4945240568,susan18@example.org,"02723 Darren Brook Suite 969
Zhangton, CO 04390"
619,Laura Sanders,+1-296-984-3324x090,gerald19@example.org,"613 Schultz Plaza Apt. 403
North Jenniferland, MH 91510"
620,Kevin Weaver,7015386894,karnold@example.org,"686 Patterson Village Apt. 348
Smithfurt, PW 29372"
621,Lisa Jones,+1-835-707-4053x1721,brodriguez@example.net,"45125 Walker Parkways Suite 202
Perryside, MT 13411"
622,Ryan Trujillo,001-261-869-0942x793,jwillis@example.com,"31425 Powell Isle
New Kathystad, SD 69077"
623,Nathan Miller,9454664551,dennismaria@example.org,"23689 Williams Gateway Apt. 670
Dakotaview, PR 04693"
624,David Shelton,+1-718-821-9675,pmaldonado@example.org,"82572 Horton Circles
New Sarah, WV 33979"
625,Anthony Krueger,001-859-698-5243,kayladavis@example.org,"35633 Mark Union Apt. 047
Ronaldside, RI 26401"
626,Sarah Collins,975-454-1097x47742,pmccoy@example.com,"USCGC Graves
FPO AA 45999"
627,Nicholas Peterson,001-923-511-1644x75101,ericmccall@example.org,"78989 Angela Ferry
Meganbury, OR 67718"
628,William Hall,(225)602-0157x4819,khill@example.net,"4955 Caroline Shores Suite 074
New Raymondburgh, MI 84469"
629,John Morris,649.602.6202,timothy31@example.net,"PSC 0518, Box 2169
APO AE 08363"
630,Melissa Baxter,+1-670-515-5314,yho@example.com,"0568 Gibson Stravenue Apt. 275
New David, DE 18896"
631,Kristopher Henderson,+1-539-897-1432x408,marie41@example.com,"4725 Kenneth Creek
Floresmouth, CT 58560"
632,Susan Campbell,(424)242-1693x82587,rogersrhonda@example.com,"835 Oliver Highway
East Collinchester, MS 94066"
633,Tina Hatfield,860-763-6508x8490,andersonlori@example.com,"45474 Samantha Bypass
New Kristen, UT 74093"
634,Johnny Thomas,972-383-1832x561,reynoldsmelissa@example.com,"34198 Melissa Ferry
Julieside, CA 87169"
635,Sandra Rodriguez,(245)501-5073x965,alyssacallahan@example.org,"817 Christina Rest
Lake Erin, IL 11557"
636,Timothy Stewart,+1-969-407-9856x884,silvamichelle@example.com,"793 David Hollow Apt. 187
South Brandon, SC 76679"
637,John Smith,+1-891-374-3715x02726,gjohnson@example.com,"2052 Campbell Divide Suite 849
Antonioton, KY 37497"
638,Gregory Thomas,+1-720-659-3326x449,gilesallison@example.net,"4527 Lane Green
Port Amanda, CA 21640"
639,Justin Ortiz,5214774687,evanstara@example.net,"Unit 1101 Box 2940
DPO AE 13595"
640,Laura George,001-652-449-4603x22413,zwarren@example.net,"2268 Casey Lights
Port Jessicastad, VT 14806"
641,Robert Arroyo,001-702-421-7728,brian36@example.org,"Unit 0623 Box 7716
DPO AP 40900"
642,Andrew Smith,+1-569-462-2258x12178,hubbardbrittany@example.com,"1579 Martha Landing
Vanessastad, VA 88267"
643,Michelle Lewis,621-620-5255,bgonzales@example.org,"230 Anderson Walk Apt. 430
New Janetfurt, LA 89314"
644,John Eaton,+1-829-429-5906x4690,brian59@example.org,"88824 Ariel Port
Rhondamouth, IA 61266"
645,Eduardo Cochran,001-880-665-2718x6034,sarah94@example.net,"4793 Christopher Rapid
Port Jenna, MN 98260"
646,Ruth Miller MD,895-598-3190x40499,lperez@example.org,"94078 Berry Divide
Johnchester, VA 40962"
647,Pamela Barnes,368-852-9560x759,jonesrebecca@example.org,"15927 Malone Motorway Suite 659
Millsland, MH 57322"
648,Jessica Wood,549-556-4973x24517,john93@example.org,"04660 Joshua Village Apt. 781
North Michelle, MO 72960"
649,Katherine Jenkins,001-778-273-5801x48456,wpadilla@example.net,"955 Chang Valleys
Taylorton, AR 16932"
650,Catherine Booker,4987732875,jgallagher@example.org,"1606 Bryant Throughway Apt. 165
Derrickborough, MS 75135"
