TechnicianID,Name,Skills
1,Michael Drake,Basic Maintenance
2,Terry Harris,Advanced Repair
3,Wanda Cannon,Diagnostic Expert
4,Marc Salazar,Body Work Specialist
5,Laura Foster,Electric Systems
6,Laura Barker,Basic Maintenance
7,Victoria Green,Advanced Repair
8,Kathleen Berg,Diagnostic Expert
9,Jason Bell,Body Work Specialist
10,James Palmer,Electric Systems
11,Mark Tran,Basic Maintenance
12,Michael Reyes,Advanced Repair
13,Kim Lewis,Diagnostic Expert
14,Julie Dominguez,Body Work Specialist
15,James Sanders,Electric Systems
16,Joseph Rice,Basic Maintenance
17,Donna Salazar,Advanced Repair
18,Patricia Stewart,Diagnostic Expert
19,Jonathan Harding,Body Work Specialist
20,Mathew Rivas Jr.,Electric Systems
21,Frank Taylor,Basic Maintenance
22,Clinton Haney,Advanced Repair
23,Alicia Cox,Diagnostic Expert
24,Beverly Barrett,Body Work Specialist
25,Eric Moore,Electric Systems
26,Ariana Coleman,Basic Maintenance
27,Christopher Whitehead,Advanced Repair
28,Pamela Mosley,Diagnostic Expert
29,Ricardo Russo,Body Work Specialist
30,Ronald Rogers,Electric Systems
31,Justin Everett,Basic Maintenance
32,Theodore Lynch,Advanced Repair
33,John Burgess,Diagnostic Expert
34,Cheryl Wagner,Body Work Specialist
35,Kristen Noble,Electric Systems
36,Kirk Williams,Basic Maintenance
37,Aaron Miles,Advanced Repair
38,Kristin Bates,Diagnostic Expert
39,Nicholas Tapia,Body Work Specialist
40,Brandon Johnson,Electric Systems
41,Tabitha Hernandez,Basic Maintenance
42,Christopher Stephens,Advanced Repair
43,Dana Wright,Diagnostic Expert
44,William Beck,Body Work Specialist
45,Jared Rivers,Electric Systems
46,Christopher Smith,Basic Maintenance
47,Jacqueline Ayala,Advanced Repair
48,Gregory Ward,Diagnostic Expert
49,Mario King,Body Work Specialist
50,Michael Robles,Electric Systems
51,Emily Roy,Basic Maintenance
52,Lindsay Castillo,Advanced Repair
53,Kenneth Berry,Diagnostic Expert
54,Chad Walker,Body Work Specialist
55,Michelle Daniels,Electric Systems
56,Ebony Waller,Basic Maintenance
57,Lindsey Beasley,Advanced Repair
58,Larry Gentry,Diagnostic Expert
59,Mallory King,Body Work Specialist
60,Samuel Hernandez,Electric Systems
61,Hannah Hernandez,Basic Maintenance
62,Alex Curtis,Advanced Repair
63,Virginia Macdonald,Diagnostic Expert
64,James Myers,Body Work Specialist
65,Tracy Johnson,Electric Systems
66,Roy Lopez,Basic Maintenance
67,Lori Reilly,Advanced Repair
68,Margaret Hooper,Diagnostic Expert
69,Jacob Flores MD,Body Work Specialist
70,Leonard Woods,Electric Systems
71,Jennifer Welch,Basic Maintenance
72,Christopher Thompson,Advanced Repair
73,Jacob Levine,Diagnostic Expert
74,Maria Knight,Body Work Specialist
75,Lydia Poole,Electric Systems
76,Matthew Cain,Basic Maintenance
77,Mr. Gary Adkins DVM,Advanced Repair
78,Jessica Morgan,Diagnostic Expert
79,Lindsey Williams,Body Work Specialist
80,Terry Sparks,Electric Systems
81,Jason Leonard,Basic Maintenance
82,Paige Hill,Advanced Repair
83,Nicole Larsen,Diagnostic Expert
84,Drew Oneill,Body Work Specialist
85,Beth Pace,Electric Systems
86,Christian Hartman,Basic Maintenance
87,Katie Patel,Advanced Repair
88,Amanda Davidson,Diagnostic Expert
89,Timothy Perry,Body Work Specialist
90,Cody Wilson,Electric Systems
91,Allen Herrera MD,Basic Maintenance
92,Philip Ross,Advanced Repair
93,Justin Nelson,Diagnostic Expert
94,Suzanne Marshall,Body Work Specialist
95,Amy Holloway,Electric Systems
96,Jessica Harris,Basic Maintenance
97,Tiffany Mendez,Advanced Repair
98,Jasmine Eaton,Diagnostic Expert
99,John Smith,Body Work Specialist
100,Ashley Thomas,Electric Systems
101,Marilyn Hill,Basic Maintenance
102,Andrea Kelley,Advanced Repair
103,Lori Hunt,Diagnostic Expert
104,Dalton Ramirez,Body Work Specialist
105,Kathleen Kirby,Electric Systems
106,Kathryn Avila,Basic Maintenance
107,Randall Williams,Advanced Repair
108,Shelly Lane,Diagnostic Expert
109,Ms. Crystal Smith,Body Work Specialist
110,Robert Richardson,Electric Systems
111,Mark Craig,Basic Maintenance
112,Ryan Martinez,Advanced Repair
113,Jackie Waller,Diagnostic Expert
114,Brittany Martinez,Body Work Specialist
115,Edward Cox,Electric Systems
116,Jeremy Roberts,Basic Maintenance
117,Maxwell Hernandez,Advanced Repair
118,Anthony Atkinson,Diagnostic Expert
119,Anthony Thompson,Body Work Specialist
120,Brandy Garcia,Electric Systems
121,Brian Scott,Basic Maintenance
122,Ronnie Wilson,Advanced Repair
123,Donald Campos,Diagnostic Expert
124,Aaron Carter,Body Work Specialist
125,Mark Ramirez,Electric Systems
126,Thomas Jones,Basic Maintenance
127,Alexander Gomez,Advanced Repair
128,John Adams,Diagnostic Expert
129,Robert Graham,Body Work Specialist
130,Jacqueline Atkinson,Electric Systems
131,Amy Taylor,Basic Maintenance
132,Mark Friedman,Advanced Repair
133,Marissa Dyer,Diagnostic Expert
134,Courtney Hartman,Body Work Specialist
135,Gail Mccarthy,Electric Systems
136,Emily Farmer,Basic Maintenance
137,Penny Wilson,Advanced Repair
138,Dawn Morales,Diagnostic Expert
139,Dylan Hamilton,Body Work Specialist
140,Teresa Hubbard,Electric Systems
141,Elaine Moore,Basic Maintenance
142,Jennifer Smith,Advanced Repair
143,Alvin Ellis MD,Diagnostic Expert
144,Barbara Bell,Body Work Specialist
145,Deborah Smith,Electric Systems
146,Ricky Woodard,Basic Maintenance
147,Tammy Figueroa,Advanced Repair
148,Nicholas Simmons,Diagnostic Expert
149,Christopher Knight,Body Work Specialist
150,Joshua Smith,Electric Systems
151,Alyssa James,Basic Maintenance
152,Stacey Stevens,Advanced Repair
153,Joshua Dickerson,Diagnostic Expert
154,Jack Bernard,Body Work Specialist
155,Jonathan Martinez,Electric Systems
156,Jason Dickerson,Basic Maintenance
157,Rhonda Hooper,Advanced Repair
158,Adam James,Diagnostic Expert
159,Janice Taylor,Body Work Specialist
160,Brittany Mitchell,Electric Systems
161,Jenny Boone,Basic Maintenance
162,Ronnie Brown,Advanced Repair
163,Lisa Gonzales,Diagnostic Expert
164,Christian Bailey,Body Work Specialist
165,Debra Austin,Electric Systems
166,Scott Gomez,Basic Maintenance
167,Amy Shaw,Advanced Repair
168,Nicholas Jones MD,Diagnostic Expert
169,Jacob Hartman,Body Work Specialist
170,Brittany Duncan,Electric Systems
171,Stephen Perry,Basic Maintenance
172,Vicki Hawkins,Advanced Repair
173,Brian Allen,Diagnostic Expert
174,Stacey Brown,Body Work Specialist
175,Clarence Hunter,Electric Systems
176,Kimberly Sloan,Basic Maintenance
177,Victor Ramirez,Advanced Repair
178,Robert Glass,Diagnostic Expert
179,Jenna Jones,Body Work Specialist
180,Denise Small,Electric Systems
181,Nicole Austin,Basic Maintenance
182,Steven Khan,Advanced Repair
183,Patrick Humphrey,Diagnostic Expert
184,James Young,Body Work Specialist
185,Kristi Peters,Electric Systems
186,Jocelyn Stewart,Basic Maintenance
187,Trevor Allen,Advanced Repair
188,Joseph Miller,Diagnostic Expert
189,Beth Li,Body Work Specialist
190,Justin Gamble,Electric Systems
191,Mark Rodriguez,Basic Maintenance
192,Misty Yang,Advanced Repair
193,Christopher Wilson,Diagnostic Expert
194,Johnny Myers,Body Work Specialist
195,Steven Smith,Electric Systems
196,James Brooks,Basic Maintenance
197,Curtis Thomas,Advanced Repair
198,Aaron Howell,Diagnostic Expert
199,Robert Mullins,Body Work Specialist
200,Cheryl Watkins,Electric Systems
201,Stacey Ford,Basic Maintenance
202,Brian Jones,Advanced Repair
203,Elizabeth Campbell,Diagnostic Expert
204,James White,Body Work Specialist
205,Neil Simpson,Electric Systems
206,Tony Newman,Basic Maintenance
207,Michael Graves,Advanced Repair
208,Danielle Arnold DDS,Diagnostic Expert
209,Alice Nelson,Body Work Specialist
210,Ashley Grimes,Electric Systems
211,Bill Green,Basic Maintenance
212,Bailey Harris,Advanced Repair
213,James Hart,Diagnostic Expert
214,April Robinson,Body Work Specialist
215,Ronald Gill,Electric Systems
216,Matthew Le,Basic Maintenance
217,Jerry Hale,Advanced Repair
218,David Perez DVM,Diagnostic Expert
219,Debra Scott,Body Work Specialist
220,James Rodriguez,Electric Systems
221,Jaime Taylor,Basic Maintenance
222,Kelly Anderson,Advanced Repair
223,Juan Bell,Diagnostic Expert
224,Brandon Rose,Body Work Specialist
225,Mark Bishop,Electric Systems
226,Heather George,Basic Maintenance
227,Jason Gutierrez,Advanced Repair
228,Stephen Wade,Diagnostic Expert
229,Mark Miller,Body Work Specialist
230,Jennifer Martinez,Electric Systems
231,Amanda Weaver,Basic Maintenance
232,Jenna Rodgers,Advanced Repair
233,Gregory Peters,Diagnostic Expert
234,Andrew Craig,Body Work Specialist
235,Brittany Jackson,Electric Systems
236,Rebecca Smith,Basic Maintenance
237,Matthew Edwards,Advanced Repair
238,Gail Chambers,Diagnostic Expert
239,Maria Patel,Body Work Specialist
240,Tina Simon,Electric Systems
241,Austin Sweeney,Basic Maintenance
242,Michelle Bowman,Advanced Repair
243,Ryan Price,Diagnostic Expert
244,Dorothy White,Body Work Specialist
245,David Wilson,Electric Systems
246,Jerry Bean,Basic Maintenance
247,Scott Rhodes,Advanced Repair
248,Phillip Campos,Diagnostic Expert
249,Ronnie Melton,Body Work Specialist
250,Susan Bennett,Electric Systems
251,William Molina,Basic Maintenance
252,Dana Reynolds,Advanced Repair
253,Karen Gordon,Diagnostic Expert
254,Cynthia Reed,Body Work Specialist
255,Tony Stephens,Electric Systems
256,Tammy Lang,Basic Maintenance
257,Jennifer Bowen,Advanced Repair
258,Tammy Butler,Diagnostic Expert
259,Isaiah Morgan,Body Work Specialist
260,Lori Contreras,Electric Systems
261,Jessica Kelly,Basic Maintenance
262,Roberto Jenkins,Advanced Repair
263,Mackenzie Johnson,Diagnostic Expert
264,Stacy Gross,Body Work Specialist
265,Briana Guerra,Electric Systems
266,Charles Zimmerman,Basic Maintenance
267,William Perez,Advanced Repair
268,Christopher Todd,Diagnostic Expert
269,Brittney Terrell,Body Work Specialist
270,Dustin Miller,Electric Systems
271,Kristina Torres,Basic Maintenance
272,David Meyers,Advanced Repair
273,Jerome Browning,Diagnostic Expert
274,Tonya Wells,Body Work Specialist
275,Jeremiah Randall,Electric Systems
276,Diana Welch,Basic Maintenance
277,Amanda Phillips,Advanced Repair
278,Bruce Dickson,Diagnostic Expert
279,Tiffany Miranda,Body Work Specialist
280,David Hayes,Electric Systems
281,Dawn Hernandez,Basic Maintenance
282,Michael Salazar,Advanced Repair
283,Jane Carter,Diagnostic Expert
284,Eddie Wood,Body Work Specialist
285,Cynthia Burke,Electric Systems
286,Denise Johnson,Basic Maintenance
287,Judith Khan,Advanced Repair
288,Alexis Wilson,Diagnostic Expert
289,Jessica Estrada,Body Work Specialist
290,Amy David,Electric Systems
291,Richard Williams,Basic Maintenance
292,Charles George,Advanced Repair
293,Robert Greer,Diagnostic Expert
294,Megan Nichols,Body Work Specialist
295,Charles Smith,Electric Systems
296,Randy Andrews,Basic Maintenance
297,Amber Cole,Advanced Repair
298,Mrs. Kim Ortega,Diagnostic Expert
299,Joseph Rodriguez,Body Work Specialist
300,Reginald Jones,Electric Systems
